[{"@type":"mappingTemplate","id":"@1","name":"m_DMI_Store_FileTransfer","description":"This mapping will get the file from SAP to ipass server dir","bundleVersion":"0","templateId":"@3","deployTime":1599044062000,"hasParameters":false,"valid":true,"fixedConnection":true,"hasParametersDeployed":false,"fixedConnectionDeployed":true,"tasks":1,"mappingPreviewFileRecordId":"@2","documentType":"","references":[{"@type":"reference","refObjectId":"@gshtCFiEtI5eOz553vb2K2","refType":"connection"},{"@type":"reference","refObjectId":"@9wnebaH54Ysc0bZP1rkKQj","refType":"connection"}]}]