[{"@type":"mappingTemplate","id":"@1","name":"m_PIM_SQL_Voice","description":"Created : 03-Dec-18\n\nPush source data file PIM_VOICE_EXPORT_YYYYMMDD_HH24MISS from PIM to VOICE SQL server DB into table Voice_Dump_Mdm_Product.","bundleVersion":"0","templateId":"@3","deployTime":1596726426000,"hasParameters":false,"valid":true,"fixedConnection":true,"hasParametersDeployed":false,"fixedConnectionDeployed":true,"tasks":1,"mappingPreviewFileRecordId":"@2","documentType":"","references":[{"@type":"reference","refObjectId":"@4U3RGUXwgEBh4OTKVtGhwV","refType":"connection"},{"@type":"reference","refObjectId":"@0jBdpdoXvG0joOigs6ZIaQ","refType":"connection"},{"@type":"reference","refObjectId":"@7bmM5lb5pwPeNNybYOB7kd","refType":"connection"}]}]