[{"@type":"mtTask","id":"@1","name":"MCT_Sricity_Waste_Management_HDFS_ADLS_IDD100090","description":"","runtimeEnvironmentId":"@jojWEYD0qqyjVW2daMhMgG","preProcessingCmd":"find /Hybrid-Nfs/ipaas/data/Sricity/Processed -mtime +7 -exec rm {} \\;\r\nfind /Hybrid-Nfs/ipaas/data/Sricity/FTPStatus -mtime +7 -exec rm {} \\;","postProcessingCmd":"mv /Hybrid-Nfs/ipaas/data/Sricity/Target/* /Hybrid-Nfs/ipaas/data/Sricity/","maxLogs":10,"verbose":false,"lastRunTime":1600338773000,"mappingId":"@aObLJLkDPYKfuflsS1mJg1","shortDescription":"","sessionPropertiesList":[],"enableCrossSchemaPushdown":true,"enableParallelRun":false,"autoTunedApplied":false,"autoTunedAppliedType":"NONE","paramFileType":"PARAM_FILE_LOCAL","schemaMode":"async","serverlessProperties":{},"taskProperties":[{"@type":"taskProperty","name":"parameterFileDir","currentValue":"","type":"STRING","label":"label.parameterFileDir","required":false},{"@type":"taskProperty","name":"parameterFileName","currentValue":"","type":"STRING","label":"label.parameterFileName","required":false}],"parameters":[{"@type":"mtTaskParameter","id":65902650,"name":"$SrcSricity$","type":"EXTENDED_SOURCE","label":"SrcSricity","uiProperties":{"connectionParameterized":"false","isMsrcFilterParameterized":"false","isMsrcSortParameterized":"false","objectParameterized":"false","visible":"false"},"sourceConnectionId":"@3dPVzAMuEmddTHvzSGq5eq","newFlatFile":false,"newObject":false,"showBusinessNames":false,"naturalOrder":true,"truncateTarget":false,"bulkApiDBTarget":false,"customFuncCfg":{"@type":"customFuncConfig","id":-1,"connections":[],"inputMap":[],"outputFields":[]},"tgtFieldRefs":{},"targetUpdateColumns":[],"extendedObject":{"@type":"extendedObject","object":{"@type":"mObject","name":"SFTP_GET","label":"SFTP_GET","metadataUpdated":false,"relations":[],"children":[]},"filters":[{"@type":"filter","objectName":"SFTP_GET","field":"SFTP_Hostname","type":"STRING","operator":"equals","value":"10.87.233.1"},{"@type":"filter","objectName":"SFTP_GET","field":"SFTP_Port","type":"STRING","operator":"equals","value":"8422"},{"@type":"filter","objectName":"SFTP_GET","field":"SFTP_User_ID","type":"STRING","operator":"equals","value":"ipass"},{"@type":"filter","objectName":"SFTP_GET","field":"SFTP_Password","type":"STRING","operator":"equals","value":"PassKey1"}],"sortFields":[]},"runtimeAttrs":{},"isRESTModernSource":true,"isFileList":false,"handleSpecialChars":false,"frsAsset":false,"dynamicFileName":false,"currentlyProcessedFileName":false,"fetchMode":"ORIGINAL","tgtObjectAttributes":{},"runtimeParameterData":{"@type":"mtTaskRuntimeParameterData","isConnectionRuntimeParameter":false,"isObjectRuntimeParameter":false},"overriddenFields":[]},{"@type":"mtTaskParameter","id":65902651,"name":"$TgtStatusFile$","type":"TARGET","label":"TgtStatusFile","uiProperties":{"connectionParameterized":"false","objectParameterized":"false","visible":"false","defaultTargetUpdateColumns":""},"targetConnectionId":"@8tvu7qI1xxmbx0LmCIIOI6","targetObject":"Sricity_FTPStatus_%d_%m_%y.csv","targetObjectLabel":"Sricity_FTPStatus_%d_%m_%y.csv","newFlatFile":false,"newObject":true,"showBusinessNames":false,"naturalOrder":true,"newObjectName":"Sricity_FTPStatus_%d_%m_%y.csv","truncateTarget":false,"bulkApiDBTarget":false,"operationType":"Insert","tgtFFAttrs":{"@type":"flatFileAttrs","id":6147908,"delimiter":",","textQualifier":"\"","escapeChar":"","headerLineNo":1},"customFuncCfg":{"@type":"customFuncConfig","id":-1,"connections":[],"inputMap":[],"outputFields":[]},"tgtFieldRefs":{},"targetUpdateColumns":[],"extendedObject":{"@type":"extendedObject","filters":[],"sortFields":[]},"runtimeAttrs":{},"isRESTModernSource":true,"isFileList":false,"handleSpecialChars":false,"frsAsset":false,"dynamicFileName":false,"currentlyProcessedFileName":false,"fetchMode":"ORIGINAL","tgtObjectAttributes":{},"runtimeParameterData":{"@type":"mtTaskRuntimeParameterData","isConnectionRuntimeParameter":false,"isObjectRuntimeParameter":false},"overriddenFields":[]}],"sequences":[],"inOutParameters":[],"connRuntimeAttrs":[]}]