[{"@type":"mtTask","id":"@1","name":"MCT_Cransoft_Posmart_File_Transfer","description":"","runtimeEnvironmentId":"@aSpZNbqSQiFgcAOVJObTUb","preProcessingCmd":"/Hybrid-Nfs/ipaas/scripts/Cransoft/Cransoft.sh","maxLogs":10,"verbose":false,"lastRunTime":1600942676000,"mappingId":"@aom9IW0dKd5c2e1ljOqaIs","shortDescription":"","sessionPropertiesList":[{"name":"Stop on errors","value":"1","recommended":false}],"enableCrossSchemaPushdown":true,"enableParallelRun":false,"autoTunedApplied":false,"autoTunedAppliedType":"NONE","paramFileType":"PARAM_FILE_LOCAL","schemaMode":"async","parameterFileEncoding":"UTF-8","serverlessProperties":{},"taskProperties":[{"@type":"taskProperty","name":"parameterFileDir","currentValue":"","type":"STRING","label":"label.parameterFileDir","required":false},{"@type":"taskProperty","name":"parameterFileName","currentValue":"","type":"STRING","label":"label.parameterFileName","required":false}],"parameters":[{"@type":"mtTaskParameter","id":61439523,"name":"$Source$","type":"EXTENDED_SOURCE","label":"Source","uiProperties":{"connectionParameterized":"false","isMsrcFilterParameterized":"false","isMsrcSortParameterized":"false","objectParameterized":"false","visible":"false"},"sourceConnectionId":"@0ptVSnuOdsicPr6IM3WrGc","newFlatFile":false,"newObject":false,"showBusinessNames":false,"naturalOrder":true,"truncateTarget":false,"bulkApiDBTarget":false,"customFuncCfg":{"@type":"customFuncConfig","id":-1,"connections":[],"inputMap":[],"outputFields":[]},"tgtFieldRefs":{},"targetUpdateColumns":[],"extendedObject":{"@type":"extendedObject","object":{"@type":"mObject","name":"SFTP_PUT","label":"SFTP_PUT","metadataUpdated":false,"relations":[],"children":[]},"filters":[{"@type":"filter","objectName":"SFTP_PUT","field":"SFTP_User_ID","type":"STRING","operator":"equals","value":"IPAAS_MIGRATION_TEST"},{"@type":"filter","objectName":"SFTP_PUT","field":"SFTP_Hostname","type":"STRING","operator":"equals","value":"www.posmart-mdlz.com"},{"@type":"filter","objectName":"SFTP_PUT","field":"SFTP_Password","type":"STRING","operator":"equals","value":"PassKey1"},{"@type":"filter","objectName":"SFTP_PUT","field":"SFTP_Port","type":"STRING","operator":"equals","value":"22"}],"sortFields":[]},"runtimeAttrs":{},"isRESTModernSource":true,"isFileList":false,"handleSpecialChars":false,"frsAsset":false,"dynamicFileName":false,"currentlyProcessedFileName":false,"fetchMode":"ORIGINAL","tgtObjectAttributes":{},"runtimeParameterData":{"@type":"mtTaskRuntimeParameterData","isConnectionRuntimeParameter":false,"isObjectRuntimeParameter":false},"overriddenFields":[]},{"@type":"mtTaskParameter","id":61439524,"name":"$Target$","type":"TARGET","label":"Target","uiProperties":{"connectionParameterized":"false","objectParameterized":"false","visible":"false","defaultTargetUpdateColumns":""},"targetConnectionId":"@9DDe8tkZIs8hkHkzCfvfQW","targetObject":"$Target","targetObjectLabel":"Cransoft_Posmart_FTPStatus_%d%m%Y.csv","newFlatFile":false,"newObject":true,"showBusinessNames":false,"naturalOrder":true,"newObjectName":"$Target","truncateTarget":false,"bulkApiDBTarget":false,"operationType":"Insert","tgtFFAttrs":{"@type":"flatFileAttrs","id":5717053,"delimiter":"|","textQualifier":"none","escapeChar":"","headerLineNo":1},"customFuncCfg":{"@type":"customFuncConfig","id":-1,"connections":[],"inputMap":[],"outputFields":[]},"tgtFieldRefs":{},"targetUpdateColumns":[],"extendedObject":{"@type":"extendedObject","filters":[],"sortFields":[]},"runtimeAttrs":{},"isRESTModernSource":true,"isFileList":false,"handleSpecialChars":true,"frsAsset":false,"dynamicFileName":false,"currentlyProcessedFileName":false,"fetchMode":"ORIGINAL","tgtObjectAttributes":{},"runtimeParameterData":{"@type":"mtTaskRuntimeParameterData","isConnectionRuntimeParameter":false,"isObjectRuntimeParameter":false},"overriddenFields":[]}],"sequences":[],"inOutParameters":[],"connRuntimeAttrs":[]}]