[{"@type":"mappingTemplate","id":"@1","name":"m_legalHold_GDPR","description":"","bundleVersion":"0","templateId":"@3","deployTime":1596720134000,"hasParameters":false,"valid":true,"fixedConnection":true,"hasParametersDeployed":false,"fixedConnectionDeployed":true,"tasks":1,"mappingPreviewFileRecordId":"@2","documentType":"","references":[{"@type":"reference","refObjectId":"@4RC46WYPXwChxBJxo8rom3","refType":"connection"},{"@type":"reference","refObjectId":"@8xqeyQMxeyMdsa6ITGp0us","refType":"connection"}]}]