[{"@type":"workflow","id":"@1","name":"TF_Pega_Product_main_IDD500002","maxLogs":10,"scheduleId":"@2","references":[{"@type":"reference","refObjectId":"@40Bi22ybacoegnXaAmAaWs","refType":"mtTask"},{"@type":"reference","refObjectId":"@08Wgje8XmArfIOulvc3cEi","refType":"mtTask"},{"@type":"reference","refObjectId":"@0eEluhgdTcWcLX8BsozC6J","refType":"mtTask"},{"@type":"reference","refObjectId":"@6yOx7TkZBwJbh5l44pntGU","refType":"mtTask"},{"@type":"reference","refObjectId":"@3I3O65cmgQ4kXuERISehIb","refType":"mtTask"},{"@type":"reference","refObjectId":"@1RrsBukm7UZgw6tMNPvz4X","refType":"mtTask"},{"@type":"reference","refObjectId":"@5gcYib9b6Y1fxN6cllKGaX","refType":"mtTask"},{"@type":"reference","refObjectId":"@8NjQz7eyYsqgQqBciE4WG0","refType":"mtTask"},{"@type":"reference","refObjectId":"@6zfdPRFbniKdR3g088VJKp","refType":"mtTask"},{"@type":"reference","refObjectId":"@iDQdT7O2LmccwRrrsSILe0","refType":"mtTask"},{"@type":"reference","refObjectId":"@7KOPod5X34afUW8uS9EnsF","refType":"mtTask"},{"@type":"reference","refObjectId":"@2N10IiW9ldAbirU4deHook","refType":"mtTask"},{"@type":"reference","refObjectId":"@fknZlB1QA2Lej2dsgQOMoF","refType":"mtTask"},{"@type":"reference","refObjectId":"@cdtFbp3HGOlhNhPRBmkfCN","refType":"mtTask"},{"@type":"reference","refObjectId":"@6YmdN8fB0a1gHUYoZ9E6YO","refType":"mtTask"},{"@type":"reference","refObjectId":"@ai4CWiWuDEldYAnHmlNzQ7","refType":"mtTask"},{"@type":"reference","refObjectId":"@jci6yByynucibAemTUkliN","refType":"mtTask"},{"@type":"reference","refObjectId":"@ea2VrtaJ7Erg4AnHgezHEf","refType":"mtTask"},{"@type":"reference","refObjectId":"@86PYnuxFvyVdpWwsuYnWgR","refType":"mtTask"},{"@type":"reference","refObjectId":"@glLKwUsGbuchfiSkkigZuN","refType":"mtTask"},{"@type":"reference","refObjectId":"@2Q7lltZVTk2brZTfcJjPuO","refType":"mtTask"}],"tasks":[{"@type":"workflowTask","taskId":"@40Bi22ybacoegnXaAmAaWs","type":"MTT","name":"MCT_PEGA_GET_FILES","stopOnError":true,"stopOnWarning":false},{"@type":"workflowTask","taskId":"@08Wgje8XmArfIOulvc3cEi","type":"MTT","name":"MCT_Pega_Sector","stopOnError":true,"stopOnWarning":false},{"@type":"workflowTask","taskId":"@0eEluhgdTcWcLX8BsozC6J","type":"MTT","name":"MCT_Pega_SubSector","stopOnError":true,"stopOnWarning":false},{"@type":"workflowTask","taskId":"@6yOx7TkZBwJbh5l44pntGU","type":"MTT","name":"MCT_Pega_Segment","stopOnError":true,"stopOnWarning":false},{"@type":"workflowTask","taskId":"@3I3O65cmgQ4kXuERISehIb","type":"MTT","name":"MCT_Pega_SubSegment","stopOnError":true,"stopOnWarning":false},{"@type":"workflowTask","taskId":"@1RrsBukm7UZgw6tMNPvz4X","type":"MTT","name":"MCT_Pega_Brand","stopOnError":true,"stopOnWarning":false},{"@type":"workflowTask","taskId":"@5gcYib9b6Y1fxN6cllKGaX","type":"MTT","name":"MCT_Pega_SubBrand","stopOnError":true,"stopOnWarning":false},{"@type":"workflowTask","taskId":"@8NjQz7eyYsqgQqBciE4WG0","type":"MTT","name":"MCT_Pega_Component","stopOnError":true,"stopOnWarning":false},{"@type":"workflowTask","taskId":"@6zfdPRFbniKdR3g088VJKp","type":"MTT","name":"MCT_Pega_Prd_Component","stopOnError":true,"stopOnWarning":false},{"@type":"workflowTask","taskId":"@iDQdT7O2LmccwRrrsSILe0","type":"MTT","name":"MCT_Pega_Plant","stopOnError":true,"stopOnWarning":false},{"@type":"workflowTask","taskId":"@7KOPod5X34afUW8uS9EnsF","type":"MTT","name":"MCT_Pega_ProdPackPlant","stopOnError":true,"stopOnWarning":false},{"@type":"workflowTask","taskId":"@2N10IiW9ldAbirU4deHook","type":"MTT","name":"MCT_Pega_ProductPlant","stopOnError":true,"stopOnWarning":false},{"@type":"workflowTask","taskId":"@fknZlB1QA2Lej2dsgQOMoF","type":"MTT","name":"MCT_Pega_Product","stopOnError":true,"stopOnWarning":false},{"@type":"workflowTask","taskId":"@cdtFbp3HGOlhNhPRBmkfCN","type":"MTT","name":"MCT_Pega_Product Reason","stopOnError":true,"stopOnWarning":false},{"@type":"workflowTask","taskId":"@6YmdN8fB0a1gHUYoZ9E6YO","type":"MTT","name":"MCT_Pega_ProdCountrySale","stopOnError":true,"stopOnWarning":false},{"@type":"workflowTask","taskId":"@ai4CWiWuDEldYAnHmlNzQ7","type":"MTT","name":"MCT_Pega_Origin_SubSource","stopOnError":true,"stopOnWarning":false},{"@type":"workflowTask","taskId":"@jci6yByynucibAemTUkliN","type":"MTT","name":"MCT_Pega_Reason_Type","stopOnError":true,"stopOnWarning":false},{"@type":"workflowTask","taskId":"@ea2VrtaJ7Erg4AnHgezHEf","type":"MTT","name":"MCT_Pega_Reason_Category","stopOnError":true,"stopOnWarning":false},{"@type":"workflowTask","taskId":"@86PYnuxFvyVdpWwsuYnWgR","type":"MTT","name":"MCT_Pega_Reason_SubCategory","stopOnError":true,"stopOnWarning":false},{"@type":"workflowTask","taskId":"@glLKwUsGbuchfiSkkigZuN","type":"MTT","name":"MCT_Pega_Reason","stopOnError":true,"stopOnWarning":false},{"@type":"workflowTask","taskId":"@2Q7lltZVTk2brZTfcJjPuO","type":"MTT","name":"MCT_PUT_PEGA","stopOnError":true,"stopOnWarning":false}]}]