[{"@type":"mappingTemplate","id":"@1","name":"m_EcommPricing_SAP_AL11_S3","description":"IDD011053","bundleVersion":"0","templateId":"@3","deployTime":1610952299000,"hasParameters":false,"valid":true,"fixedConnection":true,"hasParametersDeployed":false,"fixedConnectionDeployed":true,"tasks":1,"mappingPreviewFileRecordId":"@2","documentType":"MAPPING","references":[{"@type":"reference","refObjectId":"@6iL1dUDVbRHl6dKP78xCgj","refType":"connection"},{"@type":"reference","refObjectId":"@auOWJAe5Tp4ig56lg9uOQO","refType":"connection"}]}]