[{"@type":"mappingTemplate","id":"@1","name":"m_Sricity_HDFS_ADLS","description":"This mapping will get the file from Fractal Server to ipass server dir","bundleVersion":"0","templateId":"@3","deployTime":1600326487000,"hasParameters":false,"valid":true,"fixedConnection":true,"hasParametersDeployed":false,"fixedConnectionDeployed":true,"tasks":1,"mappingPreviewFileRecordId":"@2","documentType":"","references":[{"@type":"reference","refObjectId":"@8tvu7qI1xxmbx0LmCIIOI6","refType":"connection"},{"@type":"reference","refObjectId":"@3dPVzAMuEmddTHvzSGq5eq","refType":"connection"}]}]