[{"@type":"mappingTemplate","id":"@1","name":"m_Get_HDNODE_LOCAL_NA_IDD520016","description":"This mapping is for transfer the  NA files from  HD Node to local .","bundleVersion":"0","templateId":"@3","deployTime":1596550019000,"hasParameters":false,"valid":true,"fixedConnection":true,"hasParametersDeployed":false,"fixedConnectionDeployed":true,"tasks":1,"mappingPreviewFileRecordId":"@2","documentType":"","references":[{"@type":"reference","refObjectId":"@3zqepGd4mSkcBGoZ4lGQgN","refType":"connection"},{"@type":"reference","refObjectId":"@lzC6VyDJeQjcyVrtsmKJUs","refType":"connection"}]}]