[{"@type":"mappingTemplate","id":"@1","name":"m_Put_LOCAL_SAS_NA_IDD520016","description":"This mapping is for transfer the file from local to SAS server.","bundleVersion":"0","templateId":"@3","deployTime":1596549778000,"hasParameters":false,"valid":true,"fixedConnection":true,"hasParametersDeployed":false,"fixedConnectionDeployed":true,"tasks":1,"mappingPreviewFileRecordId":"@2","documentType":"","references":[{"@type":"reference","refObjectId":"@lzC6VyDJeQjcyVrtsmKJUs","refType":"connection"},{"@type":"reference","refObjectId":"@knNRsXeFkAlf44somctqcU","refType":"connection"}]}]