[{"@type":"workflow","id":"@1","name":"TF_DMISurvey_LocalSalesAPP_AZURE_TRAX","maxLogs":10,"references":[{"@type":"reference","refObjectId":"@2uYH5GiBNkadjgOBh5U0oo","refType":"mtTask"},{"@type":"reference","refObjectId":"@7ZfVjoEydzejHXzKAj7pqH","refType":"mtTask"}],"tasks":[{"@type":"workflowTask","taskId":"@2uYH5GiBNkadjgOBh5U0oo","type":"MTT","name":"MCT_DMI_Survey_LookUpFromSAP","stopOnError":true,"stopOnWarning":false},{"@type":"workflowTask","taskId":"@7ZfVjoEydzejHXzKAj7pqH","type":"MTT","name":"MCT_DMI_Survey_FileProcessing - AdBreak - ADLS","stopOnError":true,"stopOnWarning":false}]}]