[{"@type":"mappingTemplate","id":"@1","name":"m_DMI_Survey_FileProcessing-AdBreak","description":"This job is used to extract Survey data from Azure Database and add a Ad-Break column","bundleVersion":"0","templateId":"@3","deployTime":1596554869000,"hasParameters":false,"valid":true,"fixedConnection":true,"hasParametersDeployed":false,"fixedConnectionDeployed":true,"tasks":1,"mappingPreviewFileRecordId":"@2","documentType":"","references":[{"@type":"reference","refObjectId":"@lTDLKatVQqZhU9R3ZZL12E","refType":"connection"},{"@type":"reference","refObjectId":"@5X5Igi0sZgHcllNsMaa9C2","refType":"connection"},{"@type":"reference","refObjectId":"@1jpp7lM4m9elv3ZZjbXNKi","refType":"connection"}]}]