[{"@type":"mappingTemplate","id":"@1","name":"m_DMI_User_FileProcessing","description":"This job is used to extract user data from Azure Database.","bundleVersion":"0","templateId":"@3","deployTime":1596552163000,"hasParameters":false,"valid":true,"fixedConnection":true,"hasParametersDeployed":false,"fixedConnectionDeployed":true,"tasks":1,"mappingPreviewFileRecordId":"@2","references":[{"@type":"reference","refObjectId":"@5X5Igi0sZgHcllNsMaa9C2","refType":"connection"},{"@type":"reference","refObjectId":"@6HOs7e4FrGMcP5KDfhrTQE","refType":"connection"}]}]