[{"@type":"mappingTemplate","id":"@1","name":"m_Pega_Plant","description":"Load it to Pega server ","bundleVersion":"0","templateId":"@3","deployTime":1600943504000,"hasParameters":false,"valid":true,"fixedConnection":true,"hasParametersDeployed":false,"fixedConnectionDeployed":true,"tasks":1,"mappingPreviewFileRecordId":"@2","documentType":"","references":[{"@type":"reference","refObjectId":"@dLFJSbtMiSeddCnV2eojmX","refType":"connection"},{"@type":"reference","refObjectId":"@4m8CCcw2Vq8lBIeHRiWQOO","refType":"connection"}]}]