[{"@type":"workflow","id":"@1","name":"TF_Cransoft_File_Transfer","description":"Send Cransoft report to Posmart and Hadoop","maxLogs":10,"references":[{"@type":"reference","refObjectId":"@2t5SOtPwawkcv3gYvaGFSs","refType":"mtTask"},{"@type":"reference","refObjectId":"@d9jU5tQKYWxh0t8HmuEn0k","refType":"mtTask"}],"tasks":[{"@type":"workflowTask","taskId":"@2t5SOtPwawkcv3gYvaGFSs","type":"MTT","name":"MCT_Cransoft_Posmart_File_Transfer","stopOnError":true,"stopOnWarning":false},{"@type":"workflowTask","taskId":"@d9jU5tQKYWxh0t8HmuEn0k","type":"MTT","name":"MCT_Cransoft_Hadoop_File_Transfer _ADLS","stopOnError":true,"stopOnWarning":false}]}]