[{"@type":"mappingTemplate","id":"@1","name":"m_getOTMInvoice_DFM_IDD011092","description":"","bundleVersion":"0","templateId":"@3","deployTime":1620715399000,"hasParameters":false,"valid":true,"fixedConnection":true,"hasParametersDeployed":false,"fixedConnectionDeployed":true,"tasks":1,"mappingPreviewFileRecordId":"@2","documentType":"MAPPING","references":[{"@type":"reference","refObjectId":"@axZbLevzRc7hLFBtwiBOSO","refType":"connection"},{"@type":"reference","refObjectId":"@43WogGGl84egdHAPY4rc4j","refType":"connection"}]}]