[{"@type":"mtTask","id":"@1","name":"MCT_Get_HDNODE_LOCAL_NA_IDD520016","description":"","runtimeEnvironmentId":"@eB3EBvkLxEkjTOHEPZtdAu","maxLogs":10,"verbose":false,"lastRunTime":1598270198000,"mappingId":"@hmWPV4RucoHiwBJBz1JfCz","shortDescription":"","sessionPropertiesList":[],"enableCrossSchemaPushdown":false,"enableParallelRun":false,"autoTunedApplied":false,"autoTunedAppliedType":"NONE","paramFileType":"PARAM_FILE_LOCAL","schemaMode":"async","serverlessProperties":{},"taskProperties":[{"@type":"taskProperty","name":"parameterFileDir","currentValue":"","type":"STRING","label":"label.parameterFileDir","required":false},{"@type":"taskProperty","name":"parameterFileName","currentValue":"","type":"STRING","label":"label.parameterFileName","required":false}],"parameters":[{"@type":"mtTaskParameter","id":61004369,"name":"$Source$","type":"EXTENDED_SOURCE","label":"Source","uiProperties":{"connectionParameterized":"false","isMsrcFilterParameterized":"false","isMsrcSortParameterized":"false","objectParameterized":"false","visible":"false"},"sourceConnectionId":"@3zqepGd4mSkcBGoZ4lGQgN","newFlatFile":false,"newObject":false,"showBusinessNames":false,"naturalOrder":true,"truncateTarget":false,"bulkApiDBTarget":false,"customFuncCfg":{"@type":"customFuncConfig","id":-1,"connections":[],"inputMap":[],"outputFields":[]},"tgtFieldRefs":{},"targetUpdateColumns":[],"extendedObject":{"@type":"extendedObject","object":{"@type":"mObject","name":"SFTP_GET","label":"SFTP_GET","metadataUpdated":false,"relations":[],"children":[]},"filters":[{"@type":"filter","objectName":"SFTP_GET","field":"SFTP_Hostname","type":"STRING","operator":"equals","value":"mznatlaphdi001.mdlzcloud.net"},{"@type":"filter","objectName":"SFTP_GET","field":"SFTP_User_ID","type":"STRING","operator":"equals","value":"S-adls-ipaas-qa"},{"@type":"filter","objectName":"SFTP_GET","field":"SFTP_Password","type":"STRING","operator":"equals","value":"PassKey1"},{"@type":"filter","objectName":"SFTP_GET","field":"SFTP_Port","type":"STRING","operator":"equals","value":"22"},{"@type":"filter","objectName":"SFTP_GET","field":"Delete_Source","type":"STRING","operator":"equals","value":"1"}],"sortFields":[]},"runtimeAttrs":{},"isRESTModernSource":true,"isFileList":false,"handleSpecialChars":false,"frsAsset":false,"dynamicFileName":false,"currentlyProcessedFileName":false,"tgtObjectAttributes":{},"runtimeParameterData":{"@type":"mtTaskRuntimeParameterData","isConnectionRuntimeParameter":false,"isObjectRuntimeParameter":false},"overriddenFields":[]},{"@type":"mtTaskParameter","id":61004370,"name":"$Target$","type":"TARGET","label":"Target","uiProperties":{"connectionParameterized":"false","objectParameterized":"false","visible":"false","defaultTargetUpdateColumns":""},"targetConnectionId":"@lzC6VyDJeQjcyVrtsmKJUs","targetObject":"$Target","targetObjectLabel":"Get_SAPFile_FTPStatus_%d%m%Y_%H%M%S.csv","newFlatFile":false,"newObject":true,"showBusinessNames":false,"naturalOrder":true,"newObjectName":"$Target","truncateTarget":false,"bulkApiDBTarget":false,"operationType":"Insert","tgtFFAttrs":{"@type":"flatFileAttrs","id":5668499,"delimiter":",","textQualifier":"\"","escapeChar":"","headerLineNo":1},"customFuncCfg":{"@type":"customFuncConfig","id":-1,"connections":[],"inputMap":[],"outputFields":[]},"tgtFieldRefs":{},"targetUpdateColumns":[],"extendedObject":{"@type":"extendedObject","filters":[],"sortFields":[]},"runtimeAttrs":{},"isRESTModernSource":true,"isFileList":false,"handleSpecialChars":true,"frsAsset":false,"dynamicFileName":false,"currentlyProcessedFileName":false,"tgtObjectAttributes":{},"runtimeParameterData":{"@type":"mtTaskRuntimeParameterData","isConnectionRuntimeParameter":false,"isObjectRuntimeParameter":false},"overriddenFields":[]}],"sequences":[],"inOutParameters":[],"connRuntimeAttrs":[]}]