[{"@type":"mappingTemplate","id":"@1","name":"m_VTW_FileTransfer_LOCAL_HDNODE","description":"This process is for transfer the VTW files from LOCAL to HDNODE","bundleVersion":"0","templateId":"@3","deployTime":1596556820000,"hasParameters":false,"valid":true,"fixedConnection":true,"hasParametersDeployed":false,"fixedConnectionDeployed":true,"tasks":1,"mappingPreviewFileRecordId":"@2","documentType":"","references":[{"@type":"reference","refObjectId":"@6Y8DVDxGBEylIhnZNyYDKY","refType":"connection"},{"@type":"reference","refObjectId":"@4TEpwkFLj85fAZOy7GgNOS","refType":"connection"}]}]