[{"@type":"mappingTemplate","id":"@1","name":"m_Cransoft_Hadoop_File_Transfer_ADLS","description":"","bundleVersion":"0","templateId":"@3","deployTime":1596810464000,"hasParameters":false,"valid":true,"fixedConnection":true,"hasParametersDeployed":false,"fixedConnectionDeployed":true,"tasks":1,"mappingPreviewFileRecordId":"@2","documentType":"","references":[{"@type":"reference","refObjectId":"@6wLW0spGY4Agy2H6B75eoe","refType":"connection"},{"@type":"reference","refObjectId":"@3uYBfbqUtBGbVn4kdoHRCW","refType":"connection"}]}]