[{"@type":"mappingTemplate","id":"@1","name":"m_DMI_Survey_LookUpFromSAP","description":"This job is used to extract look up data from SAP for DMI Phase-2","bundleVersion":"0","templateId":"@3","deployTime":1596554868000,"hasParameters":false,"valid":true,"fixedConnection":true,"hasParametersDeployed":false,"fixedConnectionDeployed":true,"tasks":1,"mappingPreviewFileRecordId":"@2","documentType":"","references":[{"@type":"reference","refObjectId":"@eOuTHAbpBsyjFRrA39zCWf","refType":"connection"},{"@type":"reference","refObjectId":"@lTDLKatVQqZhU9R3ZZL12E","refType":"connection"},{"@type":"reference","refObjectId":"@c48aMtlYGOHehHyaT86BaG","refType":"connection"}]}]