[{"@type":"mappingTemplate","id":"@1","name":"m_Cransoft_Posmart_File_Transfer","description":"","bundleVersion":"0","templateId":"@3","deployTime":1596810465000,"hasParameters":false,"valid":true,"fixedConnection":true,"hasParametersDeployed":false,"fixedConnectionDeployed":true,"tasks":1,"mappingPreviewFileRecordId":"@2","documentType":"","references":[{"@type":"reference","refObjectId":"@0ptVSnuOdsicPr6IM3WrGc","refType":"connection"},{"@type":"reference","refObjectId":"@9DDe8tkZIs8hkHkzCfvfQW","refType":"connection"}]}]