[{"@type":"dssTask","id":"@1","name":"DST_IdentityMaster_FF_IncrementalLoad","description":"","maxLogs":10,"sourceConnectionId":"@8xqeyQMxeyMdsa6ITGp0us","targetConnectionId":"@56TjcQL22b4iKkgtThXvKB","targetObject":"vwIdentityMasterRO.csv","operation":"Insert","maxRows":0,"truncateTarget":false,"bulkApiDBTarget":false,"verbose":false,"tgtFlatFileAttrs":{"@type":"flatFileAttrs","id":5703130,"delimiter":",","textQualifier":"\"","escapeChar":"","headerLineNo":1,"firstDataRow":2},"targetMetadataUpdated":false,"modelVersion":"V3-R600","queryAll":false,"srcSettings":{"@type":"taskDataSourceSetting","isShowLabels":false,"isNaturalOrder":true},"tgtSettings":{"@type":"taskDataSourceSetting","isShowLabels":false,"isNaturalOrder":true},"cfSettings":{"@type":"taskDataSourceSetting","isShowLabels":false,"isNaturalOrder":true},"bulkApi":false,"bulkApiSerialMode":false,"bulkApiMonitor":false,"isTargetObjectSfCustom":false,"allowNullUpdates":false,"targetBatchSize":200,"assignmentRuleId":"-1","assignmentRuleType":"None","createSuccessFile":false,"bulkApiHardDelete":false,"parameterFileEncoding":"UTF-8","serverlessProperties":{},"sourceObjects":[{"@type":"mObject","name":"vwIdentityMasterRO","label":"vwIdentityMasterRO","metadataUpdated":false,"relations":[],"children":[]}],"advancedFilters":[],"filters":[{"@type":"filter","objectName":"vwIdentityMasterRO","objectLabel":"vwIdentityMasterRO","field":"GlobalID","fieldLabel":"GlobalID","type":"STRING","operator":"isNotNull"},{"@type":"filter","objectName":"vwIdentityMasterRO","objectLabel":"vwIdentityMasterRO","field":"Role","fieldLabel":"Role","type":"STRING","operator":"notEquals","value":"B"},{"@type":"filter","objectName":"vwIdentityMasterRO","objectLabel":"vwIdentityMasterRO","field":"System_ChangeTimeStamp","fieldLabel":"System_ChangeTimeStamp","type":"DATETIME","operator":"greaterOrEquals","value":"$LastRunTime"}],"fieldMaps":[{"@type":"fieldMap","id":"23399962","targetField":{"@type":"field","id":64170652,"name":"LAN_ID","type":"nstring","uniqueName":"LAN_ID","label":"LAN_ID","parentObject":"vwIdentityMasterRO.csv","pcType":"UNISTRING","precision":255,"scale":0,"columnIndex":0,"isKey":false,"isExternalId":false,"isSfIdLookup":false,"isNullable":true,"isUnique":false,"isCreateable":false,"isUpdateable":true,"isFilterable":true,"isCalculated":false,"showLabel":false,"naturalOrder":0,"linkedFields":["GlobalID"],"relatedInfos":[],"references":[]},"expression":" UPPER(GlobalID) "},{"@type":"fieldMap","id":"23399963","targetField":{"@type":"field","id":64170653,"name":"FirstName","type":"nstring","uniqueName":"FirstName","label":"FirstName","parentObject":"vwIdentityMasterRO.csv","pcType":"UNISTRING","precision":120,"scale":0,"columnIndex":1,"isKey":false,"isExternalId":false,"isSfIdLookup":false,"isNullable":true,"isUnique":false,"isCreateable":false,"isUpdateable":true,"isFilterable":true,"isCalculated":false,"showLabel":false,"naturalOrder":0,"linkedFields":["GivenName"],"relatedInfos":[],"references":[]},"expression":"GivenName"},{"@type":"fieldMap","id":"23399964","targetField":{"@type":"field","id":64170654,"name":"LastName","type":"nstring","uniqueName":"LastName","label":"LastName","parentObject":"vwIdentityMasterRO.csv","pcType":"UNISTRING","precision":120,"scale":0,"columnIndex":2,"isKey":false,"isExternalId":false,"isSfIdLookup":false,"isNullable":true,"isUnique":false,"isCreateable":false,"isUpdateable":true,"isFilterable":true,"isCalculated":false,"showLabel":false,"naturalOrder":0,"linkedFields":["SurName"],"relatedInfos":[],"references":[]},"expression":"SurName"},{"@type":"fieldMap","id":"23399965","targetField":{"@type":"field","id":64170655,"name":"Middle_Initial","type":"nstring","uniqueName":"Middle_Initial","label":"Middle_Initial","parentObject":"vwIdentityMasterRO.csv","pcType":"UNISTRING","precision":255,"scale":0,"columnIndex":3,"isKey":false,"isExternalId":false,"isSfIdLookup":false,"isNullable":true,"isUnique":false,"isCreateable":false,"isUpdateable":true,"isFilterable":true,"isCalculated":false,"showLabel":false,"naturalOrder":0,"linkedFields":["MiddleName"],"relatedInfos":[],"references":[]},"expression":" UPPER( SUBSTR(MiddleName, 1, 1) )"},{"@type":"fieldMap","id":"23399966","targetField":{"@type":"field","id":64170656,"name":"EmailAddress","type":"nstring","uniqueName":"EmailAddress","label":"EmailAddress","parentObject":"vwIdentityMasterRO.csv","pcType":"UNISTRING","precision":255,"scale":0,"columnIndex":4,"isKey":false,"isExternalId":false,"isSfIdLookup":false,"isNullable":true,"isUnique":false,"isCreateable":false,"isUpdateable":true,"isFilterable":true,"isCalculated":false,"showLabel":false,"naturalOrder":0,"linkedFields":["GlobalID","SMTPADDR"],"relatedInfos":[],"references":[]},"expression":"IIF( \n  SMTPADDR = '' \n  OR ISNULL( SMTPADDR )\n  OR REG_MATCH(LOWER(SMTPADDR), '.*no(\\.)?email.*') \n  ,CONCAT('no_email_', CONCAT(GlobalID,'@mdlz.com')) , SMTPADDR) "},{"@type":"fieldMap","id":"23399967","targetField":{"@type":"field","id":64170657,"name":"Contractor","type":"nstring","uniqueName":"Contractor","label":"Contractor","parentObject":"vwIdentityMasterRO.csv","pcType":"UNISTRING","precision":255,"scale":0,"columnIndex":5,"isKey":false,"isExternalId":false,"isSfIdLookup":false,"isNullable":true,"isUnique":false,"isCreateable":false,"isUpdateable":true,"isFilterable":true,"isCalculated":false,"showLabel":false,"naturalOrder":0,"linkedFields":["Role"],"relatedInfos":[],"references":[]},"expression":" IIF(Role = 'C'  OR Role = 'U', 'Yes', 'No') "},{"@type":"fieldMap","id":"23399968","targetField":{"@type":"field","id":64170658,"name":"Title","type":"nstring","uniqueName":"Title","label":"Title","parentObject":"vwIdentityMasterRO.csv","pcType":"UNISTRING","precision":40,"scale":0,"columnIndex":6,"isKey":false,"isExternalId":false,"isSfIdLookup":false,"isNullable":true,"isUnique":false,"isCreateable":false,"isUpdateable":true,"isFilterable":true,"isCalculated":false,"showLabel":false,"naturalOrder":0,"linkedFields":["PositionTitle"],"relatedInfos":[],"references":[]},"expression":"PositionTitle"},{"@type":"fieldMap","id":"23399969","targetField":{"@type":"field","id":64170659,"name":"Company","type":"nstring","uniqueName":"Company","label":"Company","parentObject":"vwIdentityMasterRO.csv","pcType":"UNISTRING","precision":255,"scale":0,"columnIndex":7,"isKey":false,"isExternalId":false,"isSfIdLookup":false,"isNullable":true,"isUnique":false,"isCreateable":false,"isUpdateable":true,"isFilterable":true,"isCalculated":false,"showLabel":false,"naturalOrder":0,"linkedFields":["Company","Role"],"relatedInfos":[],"references":[]},"expression":" IIF(Role = 'E', 'Mondelez' , Company) "},{"@type":"fieldMap","id":"23399970","targetField":{"@type":"field","id":64170660,"name":"Department","type":"nstring","uniqueName":"Department","label":"Department","parentObject":"vwIdentityMasterRO.csv","pcType":"UNISTRING","precision":40,"scale":0,"columnIndex":8,"isKey":false,"isExternalId":false,"isSfIdLookup":false,"isNullable":true,"isUnique":false,"isCreateable":false,"isUpdateable":true,"isFilterable":true,"isCalculated":false,"showLabel":false,"naturalOrder":0,"linkedFields":["Level3GroupCodeText"],"relatedInfos":[],"references":[]},"expression":"Level3GroupCodeText"},{"@type":"fieldMap","id":"23399971","targetField":{"@type":"field","id":64170661,"name":"Office","type":"nstring","uniqueName":"Office","label":"Office","parentObject":"vwIdentityMasterRO.csv","pcType":"UNISTRING","precision":150,"scale":0,"columnIndex":9,"isKey":false,"isExternalId":false,"isSfIdLookup":false,"isNullable":true,"isUnique":false,"isCreateable":false,"isUpdateable":true,"isFilterable":true,"isCalculated":false,"showLabel":false,"naturalOrder":0,"linkedFields":["FacilityName"],"relatedInfos":[],"references":[]},"expression":"FacilityName"},{"@type":"fieldMap","id":"23399972","targetField":{"@type":"field","id":64170662,"name":"Status","type":"nstring","uniqueName":"Status","label":"Status","parentObject":"vwIdentityMasterRO.csv","pcType":"UNISTRING","precision":255,"scale":0,"columnIndex":10,"isKey":false,"isExternalId":false,"isSfIdLookup":false,"isNullable":true,"isUnique":false,"isCreateable":false,"isUpdateable":true,"isFilterable":true,"isCalculated":false,"showLabel":false,"naturalOrder":0,"linkedFields":["Status"],"relatedInfos":[],"references":[]},"expression":"IIF( LTRIM( RTRIM(Status) ) = 'A', 'Active')"},{"@type":"fieldMap","id":"23399973","targetField":{"@type":"field","id":64170663,"name":"MdlzStatus","type":"nstring","uniqueName":"MdlzStatus","label":"MdlzStatus","parentObject":"vwIdentityMasterRO.csv","pcType":"UNISTRING","precision":255,"scale":0,"columnIndex":11,"isKey":false,"isExternalId":false,"isSfIdLookup":false,"isNullable":true,"isUnique":false,"isCreateable":false,"isUpdateable":true,"isFilterable":true,"isCalculated":false,"showLabel":false,"naturalOrder":0,"linkedFields":[],"relatedInfos":[],"references":[]}},{"@type":"fieldMap","id":"23399974","targetField":{"@type":"field","id":64170664,"name":"WorkCountry","type":"nstring","uniqueName":"WorkCountry","label":"WorkCountry","parentObject":"vwIdentityMasterRO.csv","pcType":"UNISTRING","precision":2,"scale":0,"columnIndex":12,"isKey":false,"isExternalId":false,"isSfIdLookup":false,"isNullable":true,"isUnique":false,"isCreateable":false,"isUpdateable":true,"isFilterable":true,"isCalculated":false,"showLabel":false,"naturalOrder":0,"linkedFields":["WorkCountry"],"relatedInfos":[],"references":[]},"expression":"WorkCountry"},{"@type":"fieldMap","id":"23399975","targetField":{"@type":"field","id":64170665,"name":"ExpDate","type":"nstring","uniqueName":"ExpDate","label":"ExpDate","parentObject":"vwIdentityMasterRO.csv","pcType":"UNISTRING","precision":20,"scale":0,"columnIndex":13,"isKey":false,"isExternalId":false,"isSfIdLookup":false,"isNullable":true,"isUnique":false,"isCreateable":false,"isUpdateable":true,"isFilterable":true,"isCalculated":false,"showLabel":false,"naturalOrder":0,"linkedFields":["ExpDate"],"relatedInfos":[],"references":[]},"expression":"ExpDate"},{"@type":"fieldMap","id":"23399976","targetField":{"@type":"field","id":64170666,"name":"TerminationDate","type":"nstring","uniqueName":"TerminationDate","label":"TerminationDate","parentObject":"vwIdentityMasterRO.csv","pcType":"UNISTRING","precision":20,"scale":0,"columnIndex":14,"isKey":false,"isExternalId":false,"isSfIdLookup":false,"isNullable":true,"isUnique":false,"isCreateable":false,"isUpdateable":true,"isFilterable":true,"isCalculated":false,"showLabel":false,"naturalOrder":0,"linkedFields":["TerminationDate"],"relatedInfos":[],"references":[]},"expression":"TerminationDate"},{"@type":"fieldMap","id":"23399977","targetField":{"@type":"field","id":64170667,"name":"LastModifiedDate","type":"datetime","uniqueName":"LastModifiedDate","label":"LastModifiedDate","parentObject":"vwIdentityMasterRO.csv","pcType":"DATE","precision":19,"scale":0,"columnIndex":15,"isKey":false,"isExternalId":false,"isSfIdLookup":false,"isNullable":true,"isUnique":false,"isCreateable":false,"isUpdateable":true,"isFilterable":true,"isCalculated":false,"showLabel":false,"naturalOrder":0,"linkedFields":["System_ChangeTimeStamp"],"relatedInfos":[],"references":[]},"expression":"System_ChangeTimeStamp"},{"@type":"fieldMap","id":"23399978","targetField":{"@type":"field","id":64170668,"name":"Tag","type":"nstring","uniqueName":"Tag","label":"Tag","parentObject":"vwIdentityMasterRO.csv","pcType":"UNISTRING","precision":255,"scale":0,"columnIndex":16,"isKey":false,"isExternalId":false,"isSfIdLookup":false,"isNullable":true,"isUnique":false,"isCreateable":false,"isUpdateable":true,"isFilterable":true,"isCalculated":false,"showLabel":false,"naturalOrder":0,"linkedFields":["Status","SMTPADDR"],"relatedInfos":[],"references":[]},"expression":"IIF( LTRIM( RTRIM(Status) ) ='T', 'Terminated;Do Not Email', '') \n|| IIF( \n\tLTRIM( RTRIM(Status) )  != 'T' \n\tAND ( ISNULL(SMTPADDR) \n\tOR REG_MATCH(LOWER(SMTPADDR), '.*no(\\.)?email.*')), \n\t'Do Not Email', '')"}],"sourceFields":[{"@type":"field","id":64170669,"name":"CentralPersonID","type":"varchar","uniqueName":"CentralPersonID","label":"CentralPersonID","parentObject":"vwIdentityMasterRO","pcType":"STRING","precision":36,"scale":0,"columnIndex":0,"isKey":false,"isExternalId":false,"isSfIdLookup":false,"isNullable":false,"isUnique":false,"isCreateable":false,"isUpdateable":true,"isFilterable":true,"isCalculated":false,"showLabel":false,"naturalOrder":0,"linkedFields":[],"relatedInfos":[],"references":[]},{"@type":"field","id":64170670,"name":"SharpID","type":"varchar","uniqueName":"SharpID","label":"SharpID","parentObject":"vwIdentityMasterRO","pcType":"STRING","precision":15,"scale":0,"columnIndex":1,"isKey":false,"isExternalId":false,"isSfIdLookup":false,"isNullable":true,"isUnique":false,"isCreateable":false,"isUpdateable":true,"isFilterable":true,"isCalculated":false,"showLabel":false,"naturalOrder":1,"linkedFields":[],"relatedInfos":[],"references":[]},{"@type":"field","id":64170671,"name":"GlobalID","type":"nvarchar","uniqueName":"GlobalID","label":"GlobalID","parentObject":"vwIdentityMasterRO","pcType":"UNISTRING","precision":104,"scale":0,"columnIndex":2,"isKey":false,"isExternalId":false,"isSfIdLookup":false,"isNullable":true,"isUnique":false,"isCreateable":false,"isUpdateable":true,"isFilterable":true,"isCalculated":false,"showLabel":false,"naturalOrder":2,"linkedFields":["EmailAddress","LAN_ID"],"relatedInfos":[],"references":[]},{"@type":"field","id":64170672,"name":"ManagerSharpID","type":"varchar","uniqueName":"ManagerSharpID","label":"ManagerSharpID","parentObject":"vwIdentityMasterRO","pcType":"STRING","precision":15,"scale":0,"columnIndex":3,"isKey":false,"isExternalId":false,"isSfIdLookup":false,"isNullable":true,"isUnique":false,"isCreateable":false,"isUpdateable":true,"isFilterable":true,"isCalculated":false,"showLabel":false,"naturalOrder":3,"linkedFields":[],"relatedInfos":[],"references":[]},{"@type":"field","id":64170673,"name":"GivenName","type":"nvarchar","uniqueName":"GivenName","label":"GivenName","parentObject":"vwIdentityMasterRO","pcType":"UNISTRING","precision":120,"scale":0,"columnIndex":4,"isKey":false,"isExternalId":false,"isSfIdLookup":false,"isNullable":true,"isUnique":false,"isCreateable":false,"isUpdateable":true,"isFilterable":true,"isCalculated":false,"showLabel":false,"naturalOrder":4,"linkedFields":["FirstName"],"relatedInfos":[],"references":[]},{"@type":"field","id":64170674,"name":"MiddleName","type":"nvarchar","uniqueName":"MiddleName","label":"MiddleName","parentObject":"vwIdentityMasterRO","pcType":"UNISTRING","precision":120,"scale":0,"columnIndex":5,"isKey":false,"isExternalId":false,"isSfIdLookup":false,"isNullable":true,"isUnique":false,"isCreateable":false,"isUpdateable":true,"isFilterable":true,"isCalculated":false,"showLabel":false,"naturalOrder":5,"linkedFields":["Middle_Initial"],"relatedInfos":[],"references":[]},{"@type":"field","id":64170675,"name":"SurName","type":"nvarchar","uniqueName":"SurName","label":"SurName","parentObject":"vwIdentityMasterRO","pcType":"UNISTRING","precision":120,"scale":0,"columnIndex":6,"isKey":false,"isExternalId":false,"isSfIdLookup":false,"isNullable":true,"isUnique":false,"isCreateable":false,"isUpdateable":true,"isFilterable":true,"isCalculated":false,"showLabel":false,"naturalOrder":6,"linkedFields":["LastName"],"relatedInfos":[],"references":[]},{"@type":"field","id":64170676,"name":"PreferredName","type":"nvarchar","uniqueName":"PreferredName","label":"PreferredName","parentObject":"vwIdentityMasterRO","pcType":"UNISTRING","precision":120,"scale":0,"columnIndex":7,"isKey":false,"isExternalId":false,"isSfIdLookup":false,"isNullable":true,"isUnique":false,"isCreateable":false,"isUpdateable":true,"isFilterable":true,"isCalculated":false,"showLabel":false,"naturalOrder":7,"linkedFields":[],"relatedInfos":[],"references":[]},{"@type":"field","id":64170677,"name":"EmployeeDisplayName","type":"nvarchar","uniqueName":"EmployeeDisplayName","label":"EmployeeDisplayName","parentObject":"vwIdentityMasterRO","pcType":"UNISTRING","precision":200,"scale":0,"columnIndex":8,"isKey":false,"isExternalId":false,"isSfIdLookup":false,"isNullable":true,"isUnique":false,"isCreateable":false,"isUpdateable":true,"isFilterable":true,"isCalculated":false,"showLabel":false,"naturalOrder":8,"linkedFields":[],"relatedInfos":[],"references":[]},{"@type":"field","id":64170678,"name":"AlternateContact","type":"nvarchar","uniqueName":"AlternateContact","label":"AlternateContact","parentObject":"vwIdentityMasterRO","pcType":"UNISTRING","precision":120,"scale":0,"columnIndex":9,"isKey":false,"isExternalId":false,"isSfIdLookup":false,"isNullable":true,"isUnique":false,"isCreateable":false,"isUpdateable":true,"isFilterable":true,"isCalculated":false,"showLabel":false,"naturalOrder":9,"linkedFields":[],"relatedInfos":[],"references":[]},{"@type":"field","id":64170679,"name":"AlternateContactPhoneNumber","type":"varchar","uniqueName":"AlternateContactPhoneNumber","label":"AlternateContactPhoneNumber","parentObject":"vwIdentityMasterRO","pcType":"STRING","precision":75,"scale":0,"columnIndex":10,"isKey":false,"isExternalId":false,"isSfIdLookup":false,"isNullable":true,"isUnique":false,"isCreateable":false,"isUpdateable":true,"isFilterable":true,"isCalculated":false,"showLabel":false,"naturalOrder":10,"linkedFields":[],"relatedInfos":[],"references":[]},{"@type":"field","id":64170680,"name":"Status","type":"char","uniqueName":"Status","label":"Status","parentObject":"vwIdentityMasterRO","pcType":"STRING","precision":2,"scale":0,"columnIndex":11,"isKey":false,"isExternalId":false,"isSfIdLookup":false,"isNullable":true,"isUnique":false,"isCreateable":false,"isUpdateable":true,"isFilterable":true,"isCalculated":false,"showLabel":false,"naturalOrder":11,"linkedFields":["Tag","Status"],"relatedInfos":[],"references":[]},{"@type":"field","id":64170681,"name":"TelephoneNumber","type":"varchar","uniqueName":"TelephoneNumber","label":"TelephoneNumber","parentObject":"vwIdentityMasterRO","pcType":"STRING","precision":75,"scale":0,"columnIndex":12,"isKey":false,"isExternalId":false,"isSfIdLookup":false,"isNullable":true,"isUnique":false,"isCreateable":false,"isUpdateable":true,"isFilterable":true,"isCalculated":false,"showLabel":false,"naturalOrder":12,"linkedFields":[],"relatedInfos":[],"references":[]},{"@type":"field","id":64170682,"name":"TelephoneMain","type":"varchar","uniqueName":"TelephoneMain","label":"TelephoneMain","parentObject":"vwIdentityMasterRO","pcType":"STRING","precision":75,"scale":0,"columnIndex":13,"isKey":false,"isExternalId":false,"isSfIdLookup":false,"isNullable":true,"isUnique":false,"isCreateable":false,"isUpdateable":true,"isFilterable":true,"isCalculated":false,"showLabel":false,"naturalOrder":13,"linkedFields":[],"relatedInfos":[],"references":[]},{"@type":"field","id":64170683,"name":"TelephoneExtension","type":"varchar","uniqueName":"TelephoneExtension","label":"TelephoneExtension","parentObject":"vwIdentityMasterRO","pcType":"STRING","precision":20,"scale":0,"columnIndex":14,"isKey":false,"isExternalId":false,"isSfIdLookup":false,"isNullable":true,"isUnique":false,"isCreateable":false,"isUpdateable":true,"isFilterable":true,"isCalculated":false,"showLabel":false,"naturalOrder":14,"linkedFields":[],"relatedInfos":[],"references":[]},{"@type":"field","id":64170684,"name":"SalesAudixNumber","type":"varchar","uniqueName":"SalesAudixNumber","label":"SalesAudixNumber","parentObject":"vwIdentityMasterRO","pcType":"STRING","precision":75,"scale":0,"columnIndex":15,"isKey":false,"isExternalId":false,"isSfIdLookup":false,"isNullable":true,"isUnique":false,"isCreateable":false,"isUpdateable":true,"isFilterable":true,"isCalculated":false,"showLabel":false,"naturalOrder":15,"linkedFields":[],"relatedInfos":[],"references":[]},{"@type":"field","id":64170685,"name":"TieLine","type":"varchar","uniqueName":"TieLine","label":"TieLine","parentObject":"vwIdentityMasterRO","pcType":"STRING","precision":10,"scale":0,"columnIndex":16,"isKey":false,"isExternalId":false,"isSfIdLookup":false,"isNullable":true,"isUnique":false,"isCreateable":false,"isUpdateable":true,"isFilterable":true,"isCalculated":false,"showLabel":false,"naturalOrder":16,"linkedFields":[],"relatedInfos":[],"references":[]},{"@type":"field","id":64170686,"name":"FaxNumber","type":"varchar","uniqueName":"FaxNumber","label":"FaxNumber","parentObject":"vwIdentityMasterRO","pcType":"STRING","precision":75,"scale":0,"columnIndex":17,"isKey":false,"isExternalId":false,"isSfIdLookup":false,"isNullable":true,"isUnique":false,"isCreateable":false,"isUpdateable":true,"isFilterable":true,"isCalculated":false,"showLabel":false,"naturalOrder":17,"linkedFields":[],"relatedInfos":[],"references":[]},{"@type":"field","id":64170687,"name":"PagerNumber","type":"varchar","uniqueName":"PagerNumber","label":"PagerNumber","parentObject":"vwIdentityMasterRO","pcType":"STRING","precision":75,"scale":0,"columnIndex":18,"isKey":false,"isExternalId":false,"isSfIdLookup":false,"isNullable":true,"isUnique":false,"isCreateable":false,"isUpdateable":true,"isFilterable":true,"isCalculated":false,"showLabel":false,"naturalOrder":18,"linkedFields":[],"relatedInfos":[],"references":[]},{"@type":"field","id":64170688,"name":"PagerPinNumber","type":"varchar","uniqueName":"PagerPinNumber","label":"PagerPinNumber","parentObject":"vwIdentityMasterRO","pcType":"STRING","precision":30,"scale":0,"columnIndex":19,"isKey":false,"isExternalId":false,"isSfIdLookup":false,"isNullable":true,"isUnique":false,"isCreateable":false,"isUpdateable":true,"isFilterable":true,"isCalculated":false,"showLabel":false,"naturalOrder":19,"linkedFields":[],"relatedInfos":[],"references":[]},{"@type":"field","id":64170689,"name":"MobilePhoneNumber","type":"varchar","uniqueName":"MobilePhoneNumber","label":"MobilePhoneNumber","parentObject":"vwIdentityMasterRO","pcType":"STRING","precision":75,"scale":0,"columnIndex":20,"isKey":false,"isExternalId":false,"isSfIdLookup":false,"isNullable":true,"isUnique":false,"isCreateable":false,"isUpdateable":true,"isFilterable":true,"isCalculated":false,"showLabel":false,"naturalOrder":20,"linkedFields":[],"relatedInfos":[],"references":[]},{"@type":"field","id":64170690,"name":"Mailstop","type":"varchar","uniqueName":"Mailstop","label":"Mailstop","parentObject":"vwIdentityMasterRO","pcType":"STRING","precision":20,"scale":0,"columnIndex":21,"isKey":false,"isExternalId":false,"isSfIdLookup":false,"isNullable":true,"isUnique":false,"isCreateable":false,"isUpdateable":true,"isFilterable":true,"isCalculated":false,"showLabel":false,"naturalOrder":21,"linkedFields":[],"relatedInfos":[],"references":[]},{"@type":"field","id":64170691,"name":"WorkAddress1","type":"nvarchar","uniqueName":"WorkAddress1","label":"WorkAddress1","parentObject":"vwIdentityMasterRO","pcType":"UNISTRING","precision":200,"scale":0,"columnIndex":22,"isKey":false,"isExternalId":false,"isSfIdLookup":false,"isNullable":true,"isUnique":false,"isCreateable":false,"isUpdateable":true,"isFilterable":true,"isCalculated":false,"showLabel":false,"naturalOrder":22,"linkedFields":[],"relatedInfos":[],"references":[]},{"@type":"field","id":64170692,"name":"WorkAddress2","type":"nvarchar","uniqueName":"WorkAddress2","label":"WorkAddress2","parentObject":"vwIdentityMasterRO","pcType":"UNISTRING","precision":80,"scale":0,"columnIndex":23,"isKey":false,"isExternalId":false,"isSfIdLookup":false,"isNullable":true,"isUnique":false,"isCreateable":false,"isUpdateable":true,"isFilterable":true,"isCalculated":false,"showLabel":false,"naturalOrder":23,"linkedFields":[],"relatedInfos":[],"references":[]},{"@type":"field","id":64170693,"name":"WorkCity","type":"nvarchar","uniqueName":"WorkCity","label":"WorkCity","parentObject":"vwIdentityMasterRO","pcType":"UNISTRING","precision":100,"scale":0,"columnIndex":24,"isKey":false,"isExternalId":false,"isSfIdLookup":false,"isNullable":true,"isUnique":false,"isCreateable":false,"isUpdateable":true,"isFilterable":true,"isCalculated":false,"showLabel":false,"naturalOrder":24,"linkedFields":[],"relatedInfos":[],"references":[]},{"@type":"field","id":64170694,"name":"WorkState","type":"nvarchar","uniqueName":"WorkState","label":"WorkState","parentObject":"vwIdentityMasterRO","pcType":"UNISTRING","precision":100,"scale":0,"columnIndex":25,"isKey":false,"isExternalId":false,"isSfIdLookup":false,"isNullable":true,"isUnique":false,"isCreateable":false,"isUpdateable":true,"isFilterable":true,"isCalculated":false,"showLabel":false,"naturalOrder":25,"linkedFields":[],"relatedInfos":[],"references":[]},{"@type":"field","id":64170695,"name":"WorkRegion","type":"nvarchar","uniqueName":"WorkRegion","label":"WorkRegion","parentObject":"vwIdentityMasterRO","pcType":"UNISTRING","precision":20,"scale":0,"columnIndex":26,"isKey":false,"isExternalId":false,"isSfIdLookup":false,"isNullable":true,"isUnique":false,"isCreateable":false,"isUpdateable":true,"isFilterable":true,"isCalculated":false,"showLabel":false,"naturalOrder":26,"linkedFields":[],"relatedInfos":[],"references":[]},{"@type":"field","id":64170696,"name":"WorkPostalCode","type":"nvarchar","uniqueName":"WorkPostalCode","label":"WorkPostalCode","parentObject":"vwIdentityMasterRO","pcType":"UNISTRING","precision":100,"scale":0,"columnIndex":27,"isKey":false,"isExternalId":false,"isSfIdLookup":false,"isNullable":true,"isUnique":false,"isCreateable":false,"isUpdateable":true,"isFilterable":true,"isCalculated":false,"showLabel":false,"naturalOrder":27,"linkedFields":[],"relatedInfos":[],"references":[]},{"@type":"field","id":64170697,"name":"WorkCountry","type":"nvarchar","uniqueName":"WorkCountry","label":"WorkCountry","parentObject":"vwIdentityMasterRO","pcType":"UNISTRING","precision":2,"scale":0,"columnIndex":28,"isKey":false,"isExternalId":false,"isSfIdLookup":false,"isNullable":true,"isUnique":false,"isCreateable":false,"isUpdateable":true,"isFilterable":true,"isCalculated":false,"showLabel":false,"naturalOrder":28,"linkedFields":["WorkCountry"],"relatedInfos":[],"references":[]},{"@type":"field","id":64170698,"name":"Language","type":"varchar","uniqueName":"Language","label":"Language","parentObject":"vwIdentityMasterRO","pcType":"STRING","precision":2,"scale":0,"columnIndex":29,"isKey":false,"isExternalId":false,"isSfIdLookup":false,"isNullable":true,"isUnique":false,"isCreateable":false,"isUpdateable":true,"isFilterable":true,"isCalculated":false,"showLabel":false,"naturalOrder":29,"linkedFields":[],"relatedInfos":[],"references":[]},{"@type":"field","id":64170699,"name":"GlobalOrgCode","type":"varchar","uniqueName":"GlobalOrgCode","label":"GlobalOrgCode","parentObject":"vwIdentityMasterRO","pcType":"STRING","precision":8,"scale":0,"columnIndex":30,"isKey":false,"isExternalId":false,"isSfIdLookup":false,"isNullable":true,"isUnique":false,"isCreateable":false,"isUpdateable":true,"isFilterable":true,"isCalculated":false,"showLabel":false,"naturalOrder":30,"linkedFields":[],"relatedInfos":[],"references":[]},{"@type":"field","id":64170700,"name":"GlobalOrgText","type":"varchar","uniqueName":"GlobalOrgText","label":"GlobalOrgText","parentObject":"vwIdentityMasterRO","pcType":"STRING","precision":40,"scale":0,"columnIndex":31,"isKey":false,"isExternalId":false,"isSfIdLookup":false,"isNullable":true,"isUnique":false,"isCreateable":false,"isUpdateable":true,"isFilterable":true,"isCalculated":false,"showLabel":false,"naturalOrder":31,"linkedFields":[],"relatedInfos":[],"references":[]},{"@type":"field","id":64170701,"name":"GlobalSubOrgCode","type":"varchar","uniqueName":"GlobalSubOrgCode","label":"GlobalSubOrgCode","parentObject":"vwIdentityMasterRO","pcType":"STRING","precision":8,"scale":0,"columnIndex":32,"isKey":false,"isExternalId":false,"isSfIdLookup":false,"isNullable":true,"isUnique":false,"isCreateable":false,"isUpdateable":true,"isFilterable":true,"isCalculated":false,"showLabel":false,"naturalOrder":32,"linkedFields":[],"relatedInfos":[],"references":[]},{"@type":"field","id":64170702,"name":"GlobalSubOrgText","type":"varchar","uniqueName":"GlobalSubOrgText","label":"GlobalSubOrgText","parentObject":"vwIdentityMasterRO","pcType":"STRING","precision":40,"scale":0,"columnIndex":33,"isKey":false,"isExternalId":false,"isSfIdLookup":false,"isNullable":true,"isUnique":false,"isCreateable":false,"isUpdateable":true,"isFilterable":true,"isCalculated":false,"showLabel":false,"naturalOrder":33,"linkedFields":[],"relatedInfos":[],"references":[]},{"@type":"field","id":64170703,"name":"Level3GroupCode","type":"varchar","uniqueName":"Level3GroupCode","label":"Level3GroupCode","parentObject":"vwIdentityMasterRO","pcType":"STRING","precision":8,"scale":0,"columnIndex":34,"isKey":false,"isExternalId":false,"isSfIdLookup":false,"isNullable":true,"isUnique":false,"isCreateable":false,"isUpdateable":true,"isFilterable":true,"isCalculated":false,"showLabel":false,"naturalOrder":34,"linkedFields":[],"relatedInfos":[],"references":[]},{"@type":"field","id":64170704,"name":"Level3GroupCodeText","type":"varchar","uniqueName":"Level3GroupCodeText","label":"Level3GroupCodeText","parentObject":"vwIdentityMasterRO","pcType":"STRING","precision":40,"scale":0,"columnIndex":35,"isKey":false,"isExternalId":false,"isSfIdLookup":false,"isNullable":true,"isUnique":false,"isCreateable":false,"isUpdateable":true,"isFilterable":true,"isCalculated":false,"showLabel":false,"naturalOrder":35,"linkedFields":["Department"],"relatedInfos":[],"references":[]},{"@type":"field","id":64170705,"name":"HeadCountGroupCode","type":"varchar","uniqueName":"HeadCountGroupCode","label":"HeadCountGroupCode","parentObject":"vwIdentityMasterRO","pcType":"STRING","precision":8,"scale":0,"columnIndex":36,"isKey":false,"isExternalId":false,"isSfIdLookup":false,"isNullable":true,"isUnique":false,"isCreateable":false,"isUpdateable":true,"isFilterable":true,"isCalculated":false,"showLabel":false,"naturalOrder":36,"linkedFields":[],"relatedInfos":[],"references":[]},{"@type":"field","id":64170706,"name":"HeadCountGroupText","type":"varchar","uniqueName":"HeadCountGroupText","label":"HeadCountGroupText","parentObject":"vwIdentityMasterRO","pcType":"STRING","precision":40,"scale":0,"columnIndex":37,"isKey":false,"isExternalId":false,"isSfIdLookup":false,"isNullable":true,"isUnique":false,"isCreateable":false,"isUpdateable":true,"isFilterable":true,"isCalculated":false,"showLabel":false,"naturalOrder":37,"linkedFields":[],"relatedInfos":[],"references":[]},{"@type":"field","id":64170707,"name":"OrgUnitCode","type":"varchar","uniqueName":"OrgUnitCode","label":"OrgUnitCode","parentObject":"vwIdentityMasterRO","pcType":"STRING","precision":8,"scale":0,"columnIndex":38,"isKey":false,"isExternalId":false,"isSfIdLookup":false,"isNullable":true,"isUnique":false,"isCreateable":false,"isUpdateable":true,"isFilterable":true,"isCalculated":false,"showLabel":false,"naturalOrder":38,"linkedFields":[],"relatedInfos":[],"references":[]},{"@type":"field","id":64170708,"name":"OrgUnitText","type":"varchar","uniqueName":"OrgUnitText","label":"OrgUnitText","parentObject":"vwIdentityMasterRO","pcType":"STRING","precision":50,"scale":0,"columnIndex":39,"isKey":false,"isExternalId":false,"isSfIdLookup":false,"isNullable":true,"isUnique":false,"isCreateable":false,"isUpdateable":true,"isFilterable":true,"isCalculated":false,"showLabel":false,"naturalOrder":39,"linkedFields":[],"relatedInfos":[],"references":[]},{"@type":"field","id":64170709,"name":"UPPSHRDepartment","type":"varchar","uniqueName":"UPPSHRDepartment","label":"UPPSHRDepartment","parentObject":"vwIdentityMasterRO","pcType":"STRING","precision":75,"scale":0,"columnIndex":40,"isKey":false,"isExternalId":false,"isSfIdLookup":false,"isNullable":true,"isUnique":false,"isCreateable":false,"isUpdateable":true,"isFilterable":true,"isCalculated":false,"showLabel":false,"naturalOrder":40,"linkedFields":[],"relatedInfos":[],"references":[]},{"@type":"field","id":64170710,"name":"JobTitle","type":"nvarchar","uniqueName":"JobTitle","label":"JobTitle","parentObject":"vwIdentityMasterRO","pcType":"UNISTRING","precision":60,"scale":0,"columnIndex":41,"isKey":false,"isExternalId":false,"isSfIdLookup":false,"isNullable":true,"isUnique":false,"isCreateable":false,"isUpdateable":true,"isFilterable":true,"isCalculated":false,"showLabel":false,"naturalOrder":41,"linkedFields":[],"relatedInfos":[],"references":[]},{"@type":"field","id":64170711,"name":"JobCode","type":"varchar","uniqueName":"JobCode","label":"JobCode","parentObject":"vwIdentityMasterRO","pcType":"STRING","precision":8,"scale":0,"columnIndex":42,"isKey":false,"isExternalId":false,"isSfIdLookup":false,"isNullable":true,"isUnique":false,"isCreateable":false,"isUpdateable":true,"isFilterable":true,"isCalculated":false,"showLabel":false,"naturalOrder":42,"linkedFields":[],"relatedInfos":[],"references":[]},{"@type":"field","id":64170712,"name":"FacilityName","type":"nvarchar","uniqueName":"FacilityName","label":"FacilityName","parentObject":"vwIdentityMasterRO","pcType":"UNISTRING","precision":150,"scale":0,"columnIndex":43,"isKey":false,"isExternalId":false,"isSfIdLookup":false,"isNullable":true,"isUnique":false,"isCreateable":false,"isUpdateable":true,"isFilterable":true,"isCalculated":false,"showLabel":false,"naturalOrder":43,"linkedFields":["Office"],"relatedInfos":[],"references":[]},{"@type":"field","id":64170713,"name":"BuildingNumber","type":"varchar","uniqueName":"BuildingNumber","label":"BuildingNumber","parentObject":"vwIdentityMasterRO","pcType":"STRING","precision":10,"scale":0,"columnIndex":44,"isKey":false,"isExternalId":false,"isSfIdLookup":false,"isNullable":true,"isUnique":false,"isCreateable":false,"isUpdateable":true,"isFilterable":true,"isCalculated":false,"showLabel":false,"naturalOrder":44,"linkedFields":[],"relatedInfos":[],"references":[]},{"@type":"field","id":64170714,"name":"BuildingFloor","type":"nvarchar","uniqueName":"BuildingFloor","label":"BuildingFloor","parentObject":"vwIdentityMasterRO","pcType":"UNISTRING","precision":60,"scale":0,"columnIndex":45,"isKey":false,"isExternalId":false,"isSfIdLookup":false,"isNullable":true,"isUnique":false,"isCreateable":false,"isUpdateable":true,"isFilterable":true,"isCalculated":false,"showLabel":false,"naturalOrder":45,"linkedFields":[],"relatedInfos":[],"references":[]},{"@type":"field","id":64170715,"name":"BuildingRoom","type":"nvarchar","uniqueName":"BuildingRoom","label":"BuildingRoom","parentObject":"vwIdentityMasterRO","pcType":"UNISTRING","precision":60,"scale":0,"columnIndex":46,"isKey":false,"isExternalId":false,"isSfIdLookup":false,"isNullable":true,"isUnique":false,"isCreateable":false,"isUpdateable":true,"isFilterable":true,"isCalculated":false,"showLabel":false,"naturalOrder":46,"linkedFields":[],"relatedInfos":[],"references":[]},{"@type":"field","id":64170716,"name":"SMTPADDR","type":"nvarchar","uniqueName":"SMTPADDR","label":"SMTPADDR","parentObject":"vwIdentityMasterRO","pcType":"UNISTRING","precision":100,"scale":0,"columnIndex":47,"isKey":false,"isExternalId":false,"isSfIdLookup":false,"isNullable":true,"isUnique":false,"isCreateable":false,"isUpdateable":true,"isFilterable":true,"isCalculated":false,"showLabel":false,"naturalOrder":47,"linkedFields":["EmailAddress","Tag"],"relatedInfos":[],"references":[]},{"@type":"field","id":64170717,"name":"StatusEffectiveDate","type":"varchar","uniqueName":"StatusEffectiveDate","label":"StatusEffectiveDate","parentObject":"vwIdentityMasterRO","pcType":"STRING","precision":10,"scale":0,"columnIndex":48,"isKey":false,"isExternalId":false,"isSfIdLookup":false,"isNullable":true,"isUnique":false,"isCreateable":false,"isUpdateable":true,"isFilterable":true,"isCalculated":false,"showLabel":false,"naturalOrder":48,"linkedFields":[],"relatedInfos":[],"references":[]},{"@type":"field","id":64170718,"name":"PositionDate","type":"varchar","uniqueName":"PositionDate","label":"PositionDate","parentObject":"vwIdentityMasterRO","pcType":"STRING","precision":10,"scale":0,"columnIndex":49,"isKey":false,"isExternalId":false,"isSfIdLookup":false,"isNullable":true,"isUnique":false,"isCreateable":false,"isUpdateable":true,"isFilterable":true,"isCalculated":false,"showLabel":false,"naturalOrder":49,"linkedFields":[],"relatedInfos":[],"references":[]},{"@type":"field","id":64170719,"name":"TerminationDate","type":"varchar","uniqueName":"TerminationDate","label":"TerminationDate","parentObject":"vwIdentityMasterRO","pcType":"STRING","precision":20,"scale":0,"columnIndex":50,"isKey":false,"isExternalId":false,"isSfIdLookup":false,"isNullable":true,"isUnique":false,"isCreateable":false,"isUpdateable":true,"isFilterable":true,"isCalculated":false,"showLabel":false,"naturalOrder":50,"linkedFields":["TerminationDate"],"relatedInfos":[],"references":[]},{"@type":"field","id":64170720,"name":"ExpDate","type":"varchar","uniqueName":"ExpDate","label":"ExpDate","parentObject":"vwIdentityMasterRO","pcType":"STRING","precision":20,"scale":0,"columnIndex":51,"isKey":false,"isExternalId":false,"isSfIdLookup":false,"isNullable":true,"isUnique":false,"isCreateable":false,"isUpdateable":true,"isFilterable":true,"isCalculated":false,"showLabel":false,"naturalOrder":51,"linkedFields":["ExpDate"],"relatedInfos":[],"references":[]},{"@type":"field","id":64170721,"name":"FunctionCode","type":"varchar","uniqueName":"FunctionCode","label":"FunctionCode","parentObject":"vwIdentityMasterRO","pcType":"STRING","precision":10,"scale":0,"columnIndex":52,"isKey":false,"isExternalId":false,"isSfIdLookup":false,"isNullable":true,"isUnique":false,"isCreateable":false,"isUpdateable":true,"isFilterable":true,"isCalculated":false,"showLabel":false,"naturalOrder":52,"linkedFields":[],"relatedInfos":[],"references":[]},{"@type":"field","id":64170722,"name":"FunctionCodeDescription","type":"nvarchar","uniqueName":"FunctionCodeDescription","label":"FunctionCodeDescription","parentObject":"vwIdentityMasterRO","pcType":"UNISTRING","precision":60,"scale":0,"columnIndex":53,"isKey":false,"isExternalId":false,"isSfIdLookup":false,"isNullable":true,"isUnique":false,"isCreateable":false,"isUpdateable":true,"isFilterable":true,"isCalculated":false,"showLabel":false,"naturalOrder":53,"linkedFields":[],"relatedInfos":[],"references":[]},{"@type":"field","id":64170723,"name":"SubFunctionCode","type":"nvarchar","uniqueName":"SubFunctionCode","label":"SubFunctionCode","parentObject":"vwIdentityMasterRO","pcType":"UNISTRING","precision":50,"scale":0,"columnIndex":54,"isKey":false,"isExternalId":false,"isSfIdLookup":false,"isNullable":true,"isUnique":false,"isCreateable":false,"isUpdateable":true,"isFilterable":true,"isCalculated":false,"showLabel":false,"naturalOrder":54,"linkedFields":[],"relatedInfos":[],"references":[]},{"@type":"field","id":64170724,"name":"SubFunctionCodeDescription","type":"nvarchar","uniqueName":"SubFunctionCodeDescription","label":"SubFunctionCodeDescription","parentObject":"vwIdentityMasterRO","pcType":"UNISTRING","precision":100,"scale":0,"columnIndex":55,"isKey":false,"isExternalId":false,"isSfIdLookup":false,"isNullable":true,"isUnique":false,"isCreateable":false,"isUpdateable":true,"isFilterable":true,"isCalculated":false,"showLabel":false,"naturalOrder":55,"linkedFields":[],"relatedInfos":[],"references":[]},{"@type":"field","id":64170725,"name":"Company","type":"varchar","uniqueName":"Company","label":"Company","parentObject":"vwIdentityMasterRO","pcType":"STRING","precision":60,"scale":0,"columnIndex":56,"isKey":false,"isExternalId":false,"isSfIdLookup":false,"isNullable":true,"isUnique":false,"isCreateable":false,"isUpdateable":true,"isFilterable":true,"isCalculated":false,"showLabel":false,"naturalOrder":56,"linkedFields":["Company"],"relatedInfos":[],"references":[]},{"@type":"field","id":64170726,"name":"SHARPCompanyCode","type":"varchar","uniqueName":"SHARPCompanyCode","label":"SHARPCompanyCode","parentObject":"vwIdentityMasterRO","pcType":"STRING","precision":4,"scale":0,"columnIndex":57,"isKey":false,"isExternalId":false,"isSfIdLookup":false,"isNullable":true,"isUnique":false,"isCreateable":false,"isUpdateable":true,"isFilterable":true,"isCalculated":false,"showLabel":false,"naturalOrder":57,"linkedFields":[],"relatedInfos":[],"references":[]},{"@type":"field","id":64170727,"name":"SHARPCompanyCodeDescription","type":"nvarchar","uniqueName":"SHARPCompanyCodeDescription","label":"SHARPCompanyCodeDescription","parentObject":"vwIdentityMasterRO","pcType":"UNISTRING","precision":50,"scale":0,"columnIndex":58,"isKey":false,"isExternalId":false,"isSfIdLookup":false,"isNullable":true,"isUnique":false,"isCreateable":false,"isUpdateable":true,"isFilterable":true,"isCalculated":false,"showLabel":false,"naturalOrder":58,"linkedFields":[],"relatedInfos":[],"references":[]},{"@type":"field","id":64170728,"name":"BlueCollarWhiteCollar","type":"varchar","uniqueName":"BlueCollarWhiteCollar","label":"BlueCollarWhiteCollar","parentObject":"vwIdentityMasterRO","pcType":"STRING","precision":2,"scale":0,"columnIndex":59,"isKey":false,"isExternalId":false,"isSfIdLookup":false,"isNullable":true,"isUnique":false,"isCreateable":false,"isUpdateable":true,"isFilterable":true,"isCalculated":false,"showLabel":false,"naturalOrder":59,"linkedFields":[],"relatedInfos":[],"references":[]},{"@type":"field","id":64170729,"name":"UPPSDivisionCode","type":"varchar","uniqueName":"UPPSDivisionCode","label":"UPPSDivisionCode","parentObject":"vwIdentityMasterRO","pcType":"STRING","precision":10,"scale":0,"columnIndex":60,"isKey":false,"isExternalId":false,"isSfIdLookup":false,"isNullable":true,"isUnique":false,"isCreateable":false,"isUpdateable":true,"isFilterable":true,"isCalculated":false,"showLabel":false,"naturalOrder":60,"linkedFields":[],"relatedInfos":[],"references":[]},{"@type":"field","id":64170730,"name":"CostCenter","type":"varchar","uniqueName":"CostCenter","label":"CostCenter","parentObject":"vwIdentityMasterRO","pcType":"STRING","precision":15,"scale":0,"columnIndex":61,"isKey":false,"isExternalId":false,"isSfIdLookup":false,"isNullable":true,"isUnique":false,"isCreateable":false,"isUpdateable":true,"isFilterable":true,"isCalculated":false,"showLabel":false,"naturalOrder":61,"linkedFields":[],"relatedInfos":[],"references":[]},{"@type":"field","id":64170731,"name":"CostCenterLong","type":"varchar","uniqueName":"CostCenterLong","label":"CostCenterLong","parentObject":"vwIdentityMasterRO","pcType":"STRING","precision":13,"scale":0,"columnIndex":62,"isKey":false,"isExternalId":false,"isSfIdLookup":false,"isNullable":true,"isUnique":false,"isCreateable":false,"isUpdateable":true,"isFilterable":true,"isCalculated":false,"showLabel":false,"naturalOrder":62,"linkedFields":[],"relatedInfos":[],"references":[]},{"@type":"field","id":64170732,"name":"Location","type":"varchar","uniqueName":"Location","label":"Location","parentObject":"vwIdentityMasterRO","pcType":"STRING","precision":4,"scale":0,"columnIndex":63,"isKey":false,"isExternalId":false,"isSfIdLookup":false,"isNullable":true,"isUnique":false,"isCreateable":false,"isUpdateable":true,"isFilterable":true,"isCalculated":false,"showLabel":false,"naturalOrder":63,"linkedFields":[],"relatedInfos":[],"references":[]},{"@type":"field","id":64170733,"name":"ABTEI","type":"varchar","uniqueName":"ABTEI","label":"ABTEI","parentObject":"vwIdentityMasterRO","pcType":"STRING","precision":20,"scale":0,"columnIndex":64,"isKey":false,"isExternalId":false,"isSfIdLookup":false,"isNullable":true,"isUnique":false,"isCreateable":false,"isUpdateable":true,"isFilterable":true,"isCalculated":false,"showLabel":false,"naturalOrder":64,"linkedFields":[],"relatedInfos":[],"references":[]},{"@type":"field","id":64170734,"name":"UPPSOrganizationUnitCode","type":"varchar","uniqueName":"UPPSOrganizationUnitCode","label":"UPPSOrganizationUnitCode","parentObject":"vwIdentityMasterRO","pcType":"STRING","precision":10,"scale":0,"columnIndex":65,"isKey":false,"isExternalId":false,"isSfIdLookup":false,"isNullable":true,"isUnique":false,"isCreateable":false,"isUpdateable":true,"isFilterable":true,"isCalculated":false,"showLabel":false,"naturalOrder":65,"linkedFields":[],"relatedInfos":[],"references":[]},{"@type":"field","id":64170735,"name":"UPPSDepartmentCode","type":"varchar","uniqueName":"UPPSDepartmentCode","label":"UPPSDepartmentCode","parentObject":"vwIdentityMasterRO","pcType":"STRING","precision":50,"scale":0,"columnIndex":66,"isKey":false,"isExternalId":false,"isSfIdLookup":false,"isNullable":true,"isUnique":false,"isCreateable":false,"isUpdateable":true,"isFilterable":true,"isCalculated":false,"showLabel":false,"naturalOrder":66,"linkedFields":[],"relatedInfos":[],"references":[]},{"@type":"field","id":64170736,"name":"PositionTitle","type":"nvarchar","uniqueName":"PositionTitle","label":"PositionTitle","parentObject":"vwIdentityMasterRO","pcType":"UNISTRING","precision":40,"scale":0,"columnIndex":67,"isKey":false,"isExternalId":false,"isSfIdLookup":false,"isNullable":true,"isUnique":false,"isCreateable":false,"isUpdateable":true,"isFilterable":true,"isCalculated":false,"showLabel":false,"naturalOrder":67,"linkedFields":["Title"],"relatedInfos":[],"references":[]},{"@type":"field","id":64170737,"name":"EmployeePosNumber","type":"varchar","uniqueName":"EmployeePosNumber","label":"EmployeePosNumber","parentObject":"vwIdentityMasterRO","pcType":"STRING","precision":8,"scale":0,"columnIndex":68,"isKey":false,"isExternalId":false,"isSfIdLookup":false,"isNullable":true,"isUnique":false,"isCreateable":false,"isUpdateable":true,"isFilterable":true,"isCalculated":false,"showLabel":false,"naturalOrder":68,"linkedFields":[],"relatedInfos":[],"references":[]},{"@type":"field","id":64170738,"name":"ManagerPosNumber","type":"varchar","uniqueName":"ManagerPosNumber","label":"ManagerPosNumber","parentObject":"vwIdentityMasterRO","pcType":"STRING","precision":8,"scale":0,"columnIndex":69,"isKey":false,"isExternalId":false,"isSfIdLookup":false,"isNullable":true,"isUnique":false,"isCreateable":false,"isUpdateable":true,"isFilterable":true,"isCalculated":false,"showLabel":false,"naturalOrder":69,"linkedFields":[],"relatedInfos":[],"references":[]},{"@type":"field","id":64170739,"name":"UPPSBusinessUnitCode","type":"varchar","uniqueName":"UPPSBusinessUnitCode","label":"UPPSBusinessUnitCode","parentObject":"vwIdentityMasterRO","pcType":"STRING","precision":40,"scale":0,"columnIndex":70,"isKey":false,"isExternalId":false,"isSfIdLookup":false,"isNullable":true,"isUnique":false,"isCreateable":false,"isUpdateable":true,"isFilterable":true,"isCalculated":false,"showLabel":false,"naturalOrder":70,"linkedFields":[],"relatedInfos":[],"references":[]},{"@type":"field","id":64170740,"name":"EmployeeGroup","type":"varchar","uniqueName":"EmployeeGroup","label":"EmployeeGroup","parentObject":"vwIdentityMasterRO","pcType":"STRING","precision":1,"scale":0,"columnIndex":71,"isKey":false,"isExternalId":false,"isSfIdLookup":false,"isNullable":true,"isUnique":false,"isCreateable":false,"isUpdateable":true,"isFilterable":true,"isCalculated":false,"showLabel":false,"naturalOrder":71,"linkedFields":[],"relatedInfos":[],"references":[]},{"@type":"field","id":64170741,"name":"EmployeeGroupText","type":"varchar","uniqueName":"EmployeeGroupText","label":"EmployeeGroupText","parentObject":"vwIdentityMasterRO","pcType":"STRING","precision":20,"scale":0,"columnIndex":72,"isKey":false,"isExternalId":false,"isSfIdLookup":false,"isNullable":true,"isUnique":false,"isCreateable":false,"isUpdateable":true,"isFilterable":true,"isCalculated":false,"showLabel":false,"naturalOrder":72,"linkedFields":[],"relatedInfos":[],"references":[]},{"@type":"field","id":64170742,"name":"EmployeeSubGroup","type":"varchar","uniqueName":"EmployeeSubGroup","label":"EmployeeSubGroup","parentObject":"vwIdentityMasterRO","pcType":"STRING","precision":2,"scale":0,"columnIndex":73,"isKey":false,"isExternalId":false,"isSfIdLookup":false,"isNullable":true,"isUnique":false,"isCreateable":false,"isUpdateable":true,"isFilterable":true,"isCalculated":false,"showLabel":false,"naturalOrder":73,"linkedFields":[],"relatedInfos":[],"references":[]},{"@type":"field","id":64170743,"name":"EmployeeSubGroupText","type":"varchar","uniqueName":"EmployeeSubGroupText","label":"EmployeeSubGroupText","parentObject":"vwIdentityMasterRO","pcType":"STRING","precision":20,"scale":0,"columnIndex":74,"isKey":false,"isExternalId":false,"isSfIdLookup":false,"isNullable":true,"isUnique":false,"isCreateable":false,"isUpdateable":true,"isFilterable":true,"isCalculated":false,"showLabel":false,"naturalOrder":74,"linkedFields":[],"relatedInfos":[],"references":[]},{"@type":"field","id":64170744,"name":"ActionCode","type":"varchar","uniqueName":"ActionCode","label":"ActionCode","parentObject":"vwIdentityMasterRO","pcType":"STRING","precision":2,"scale":0,"columnIndex":75,"isKey":false,"isExternalId":false,"isSfIdLookup":false,"isNullable":true,"isUnique":false,"isCreateable":false,"isUpdateable":true,"isFilterable":true,"isCalculated":false,"showLabel":false,"naturalOrder":75,"linkedFields":[],"relatedInfos":[],"references":[]},{"@type":"field","id":64170745,"name":"ActionCodeText","type":"varchar","uniqueName":"ActionCodeText","label":"ActionCodeText","parentObject":"vwIdentityMasterRO","pcType":"STRING","precision":30,"scale":0,"columnIndex":76,"isKey":false,"isExternalId":false,"isSfIdLookup":false,"isNullable":true,"isUnique":false,"isCreateable":false,"isUpdateable":true,"isFilterable":true,"isCalculated":false,"showLabel":false,"naturalOrder":76,"linkedFields":[],"relatedInfos":[],"references":[]},{"@type":"field","id":64170746,"name":"UPPSPositionNumber","type":"varchar","uniqueName":"UPPSPositionNumber","label":"UPPSPositionNumber","parentObject":"vwIdentityMasterRO","pcType":"STRING","precision":12,"scale":0,"columnIndex":77,"isKey":false,"isExternalId":false,"isSfIdLookup":false,"isNullable":true,"isUnique":false,"isCreateable":false,"isUpdateable":true,"isFilterable":true,"isCalculated":false,"showLabel":false,"naturalOrder":77,"linkedFields":[],"relatedInfos":[],"references":[]},{"@type":"field","id":64170747,"name":"Element","type":"varchar","uniqueName":"Element","label":"Element","parentObject":"vwIdentityMasterRO","pcType":"STRING","precision":1,"scale":0,"columnIndex":78,"isKey":false,"isExternalId":false,"isSfIdLookup":false,"isNullable":true,"isUnique":false,"isCreateable":false,"isUpdateable":true,"isFilterable":true,"isCalculated":false,"showLabel":false,"naturalOrder":78,"linkedFields":[],"relatedInfos":[],"references":[]},{"@type":"field","id":64170748,"name":"CalculatedStatus","type":"varchar","uniqueName":"CalculatedStatus","label":"CalculatedStatus","parentObject":"vwIdentityMasterRO","pcType":"STRING","precision":2,"scale":0,"columnIndex":79,"isKey":false,"isExternalId":false,"isSfIdLookup":false,"isNullable":true,"isUnique":false,"isCreateable":false,"isUpdateable":true,"isFilterable":true,"isCalculated":false,"showLabel":false,"naturalOrder":79,"linkedFields":[],"relatedInfos":[],"references":[]},{"@type":"field","id":64170749,"name":"Role","type":"varchar","uniqueName":"Role","label":"Role","parentObject":"vwIdentityMasterRO","pcType":"STRING","precision":3,"scale":0,"columnIndex":80,"isKey":false,"isExternalId":false,"isSfIdLookup":false,"isNullable":true,"isUnique":false,"isCreateable":false,"isUpdateable":true,"isFilterable":true,"isCalculated":false,"showLabel":false,"naturalOrder":80,"linkedFields":["Contractor","Company"],"relatedInfos":[],"references":[]},{"@type":"field","id":64170750,"name":"ApprovalLimit","type":"varchar","uniqueName":"ApprovalLimit","label":"ApprovalLimit","parentObject":"vwIdentityMasterRO","pcType":"STRING","precision":18,"scale":0,"columnIndex":81,"isKey":false,"isExternalId":false,"isSfIdLookup":false,"isNullable":true,"isUnique":false,"isCreateable":false,"isUpdateable":true,"isFilterable":true,"isCalculated":false,"showLabel":false,"naturalOrder":81,"linkedFields":[],"relatedInfos":[],"references":[]},{"@type":"field","id":64170751,"name":"ApprovalOverride","type":"varchar","uniqueName":"ApprovalOverride","label":"ApprovalOverride","parentObject":"vwIdentityMasterRO","pcType":"STRING","precision":18,"scale":0,"columnIndex":82,"isKey":false,"isExternalId":false,"isSfIdLookup":false,"isNullable":true,"isUnique":false,"isCreateable":false,"isUpdateable":true,"isFilterable":true,"isCalculated":false,"showLabel":false,"naturalOrder":82,"linkedFields":[],"relatedInfos":[],"references":[]},{"@type":"field","id":64170752,"name":"Currency","type":"varchar","uniqueName":"Currency","label":"Currency","parentObject":"vwIdentityMasterRO","pcType":"STRING","precision":10,"scale":0,"columnIndex":83,"isKey":false,"isExternalId":false,"isSfIdLookup":false,"isNullable":true,"isUnique":false,"isCreateable":false,"isUpdateable":true,"isFilterable":true,"isCalculated":false,"showLabel":false,"naturalOrder":83,"linkedFields":[],"relatedInfos":[],"references":[]},{"@type":"field","id":64170753,"name":"ActiveDate","type":"varchar","uniqueName":"ActiveDate","label":"ActiveDate","parentObject":"vwIdentityMasterRO","pcType":"STRING","precision":20,"scale":0,"columnIndex":84,"isKey":false,"isExternalId":false,"isSfIdLookup":false,"isNullable":true,"isUnique":false,"isCreateable":false,"isUpdateable":true,"isFilterable":true,"isCalculated":false,"showLabel":false,"naturalOrder":84,"linkedFields":[],"relatedInfos":[],"references":[]},{"@type":"field","id":64170754,"name":"UserCategory","type":"varchar","uniqueName":"UserCategory","label":"UserCategory","parentObject":"vwIdentityMasterRO","pcType":"STRING","precision":10,"scale":0,"columnIndex":85,"isKey":false,"isExternalId":false,"isSfIdLookup":false,"isNullable":true,"isUnique":false,"isCreateable":false,"isUpdateable":true,"isFilterable":true,"isCalculated":false,"showLabel":false,"naturalOrder":85,"linkedFields":[],"relatedInfos":[],"references":[]},{"@type":"field","id":64170755,"name":"System_DeltaFlag","type":"char","uniqueName":"System_DeltaFlag","label":"System_DeltaFlag","parentObject":"vwIdentityMasterRO","pcType":"STRING","precision":1,"scale":0,"columnIndex":86,"isKey":false,"isExternalId":false,"isSfIdLookup":false,"isNullable":true,"isUnique":false,"isCreateable":false,"isUpdateable":true,"isFilterable":true,"isCalculated":false,"showLabel":false,"naturalOrder":86,"linkedFields":[],"relatedInfos":[],"references":[]},{"@type":"field","id":64170756,"name":"System_ChangeTimeStamp","type":"timestamp","uniqueName":"System_ChangeTimeStamp","label":"System_ChangeTimeStamp","parentObject":"vwIdentityMasterRO","pcType":"DATE","precision":23,"scale":3,"columnIndex":87,"isKey":false,"isExternalId":false,"isSfIdLookup":false,"isNullable":true,"isUnique":false,"isCreateable":false,"isUpdateable":true,"isFilterable":true,"isCalculated":false,"showLabel":false,"naturalOrder":87,"linkedFields":["LastModifiedDate"],"relatedInfos":[],"references":[]},{"@type":"field","id":64170757,"name":"System_CreatedTimeStamp","type":"timestamp","uniqueName":"System_CreatedTimeStamp","label":"System_CreatedTimeStamp","parentObject":"vwIdentityMasterRO","pcType":"DATE","precision":23,"scale":3,"columnIndex":88,"isKey":false,"isExternalId":false,"isSfIdLookup":false,"isNullable":true,"isUnique":false,"isCreateable":false,"isUpdateable":true,"isFilterable":true,"isCalculated":false,"showLabel":false,"naturalOrder":88,"linkedFields":[],"relatedInfos":[],"references":[]},{"@type":"field","id":64170758,"name":"ManagerGlobalID","type":"nvarchar","uniqueName":"ManagerGlobalID","label":"ManagerGlobalID","parentObject":"vwIdentityMasterRO","pcType":"UNISTRING","precision":104,"scale":0,"columnIndex":89,"isKey":false,"isExternalId":false,"isSfIdLookup":false,"isNullable":true,"isUnique":false,"isCreateable":false,"isUpdateable":true,"isFilterable":true,"isCalculated":false,"showLabel":false,"naturalOrder":89,"linkedFields":[],"relatedInfos":[],"references":[]},{"@type":"field","id":64170759,"name":"ManagerLastName","type":"nvarchar","uniqueName":"ManagerLastName","label":"ManagerLastName","parentObject":"vwIdentityMasterRO","pcType":"UNISTRING","precision":120,"scale":0,"columnIndex":90,"isKey":false,"isExternalId":false,"isSfIdLookup":false,"isNullable":true,"isUnique":false,"isCreateable":false,"isUpdateable":true,"isFilterable":true,"isCalculated":false,"showLabel":false,"naturalOrder":90,"linkedFields":[],"relatedInfos":[],"references":[]},{"@type":"field","id":64170760,"name":"ManagerFirstName","type":"nvarchar","uniqueName":"ManagerFirstName","label":"ManagerFirstName","parentObject":"vwIdentityMasterRO","pcType":"UNISTRING","precision":120,"scale":0,"columnIndex":91,"isKey":false,"isExternalId":false,"isSfIdLookup":false,"isNullable":true,"isUnique":false,"isCreateable":false,"isUpdateable":true,"isFilterable":true,"isCalculated":false,"showLabel":false,"naturalOrder":91,"linkedFields":[],"relatedInfos":[],"references":[]},{"@type":"field","id":64170761,"name":"ManagerDisplayName","type":"nvarchar","uniqueName":"ManagerDisplayName","label":"ManagerDisplayName","parentObject":"vwIdentityMasterRO","pcType":"UNISTRING","precision":200,"scale":0,"columnIndex":92,"isKey":false,"isExternalId":false,"isSfIdLookup":false,"isNullable":true,"isUnique":false,"isCreateable":false,"isUpdateable":true,"isFilterable":true,"isCalculated":false,"showLabel":false,"naturalOrder":92,"linkedFields":[],"relatedInfos":[],"references":[]},{"@type":"field","id":64170762,"name":"ManagerMiddleName","type":"nvarchar","uniqueName":"ManagerMiddleName","label":"ManagerMiddleName","parentObject":"vwIdentityMasterRO","pcType":"UNISTRING","precision":120,"scale":0,"columnIndex":93,"isKey":false,"isExternalId":false,"isSfIdLookup":false,"isNullable":true,"isUnique":false,"isCreateable":false,"isUpdateable":true,"isFilterable":true,"isCalculated":false,"showLabel":false,"naturalOrder":93,"linkedFields":[],"relatedInfos":[],"references":[]},{"@type":"field","id":64170763,"name":"IBX_UserCategory","type":"nvarchar","uniqueName":"IBX_UserCategory","label":"IBX_UserCategory","parentObject":"vwIdentityMasterRO","pcType":"UNISTRING","precision":10,"scale":0,"columnIndex":94,"isKey":false,"isExternalId":false,"isSfIdLookup":false,"isNullable":true,"isUnique":false,"isCreateable":false,"isUpdateable":true,"isFilterable":true,"isCalculated":false,"showLabel":false,"naturalOrder":94,"linkedFields":[],"relatedInfos":[],"references":[]},{"@type":"field","id":64170764,"name":"ECC_PLANT_CODE","type":"nvarchar","uniqueName":"ECC_PLANT_CODE","label":"ECC_PLANT_CODE","parentObject":"vwIdentityMasterRO","pcType":"UNISTRING","precision":4,"scale":0,"columnIndex":95,"isKey":false,"isExternalId":false,"isSfIdLookup":false,"isNullable":true,"isUnique":false,"isCreateable":false,"isUpdateable":true,"isFilterable":true,"isCalculated":false,"showLabel":false,"naturalOrder":95,"linkedFields":[],"relatedInfos":[],"references":[]},{"@type":"field","id":64170765,"name":"ECC_COMP_CODE","type":"nvarchar","uniqueName":"ECC_COMP_CODE","label":"ECC_COMP_CODE","parentObject":"vwIdentityMasterRO","pcType":"UNISTRING","precision":4,"scale":0,"columnIndex":96,"isKey":false,"isExternalId":false,"isSfIdLookup":false,"isNullable":true,"isUnique":false,"isCreateable":false,"isUpdateable":true,"isFilterable":true,"isCalculated":false,"showLabel":false,"naturalOrder":96,"linkedFields":[],"relatedInfos":[],"references":[]},{"@type":"field","id":64170766,"name":"SPENDING_LIMIT","type":"varchar","uniqueName":"SPENDING_LIMIT","label":"SPENDING_LIMIT","parentObject":"vwIdentityMasterRO","pcType":"STRING","precision":4,"scale":0,"columnIndex":97,"isKey":false,"isExternalId":false,"isSfIdLookup":false,"isNullable":true,"isUnique":false,"isCreateable":false,"isUpdateable":true,"isFilterable":true,"isCalculated":false,"showLabel":false,"naturalOrder":97,"linkedFields":[],"relatedInfos":[],"references":[]},{"@type":"field","id":64170767,"name":"IBX_SPENDING_LIMIT_CODE","type":"varchar","uniqueName":"IBX_SPENDING_LIMIT_CODE","label":"IBX_SPENDING_LIMIT_CODE","parentObject":"vwIdentityMasterRO","pcType":"STRING","precision":6,"scale":0,"columnIndex":98,"isKey":false,"isExternalId":false,"isSfIdLookup":false,"isNullable":true,"isUnique":false,"isCreateable":false,"isUpdateable":true,"isFilterable":true,"isCalculated":false,"showLabel":false,"naturalOrder":98,"linkedFields":[],"relatedInfos":[],"references":[]},{"@type":"field","id":64170768,"name":"IBX_FRND_ROLE1","type":"nvarchar","uniqueName":"IBX_FRND_ROLE1","label":"IBX_FRND_ROLE1","parentObject":"vwIdentityMasterRO","pcType":"UNISTRING","precision":200,"scale":0,"columnIndex":99,"isKey":false,"isExternalId":false,"isSfIdLookup":false,"isNullable":true,"isUnique":false,"isCreateable":false,"isUpdateable":true,"isFilterable":true,"isCalculated":false,"showLabel":false,"naturalOrder":99,"linkedFields":[],"relatedInfos":[],"references":[]},{"@type":"field","id":64170769,"name":"IBX_FRND_ROLE2","type":"nvarchar","uniqueName":"IBX_FRND_ROLE2","label":"IBX_FRND_ROLE2","parentObject":"vwIdentityMasterRO","pcType":"UNISTRING","precision":200,"scale":0,"columnIndex":100,"isKey":false,"isExternalId":false,"isSfIdLookup":false,"isNullable":true,"isUnique":false,"isCreateable":false,"isUpdateable":true,"isFilterable":true,"isCalculated":false,"showLabel":false,"naturalOrder":100,"linkedFields":[],"relatedInfos":[],"references":[]},{"@type":"field","id":64170770,"name":"IBX_FRND_ROLE3","type":"nvarchar","uniqueName":"IBX_FRND_ROLE3","label":"IBX_FRND_ROLE3","parentObject":"vwIdentityMasterRO","pcType":"UNISTRING","precision":200,"scale":0,"columnIndex":101,"isKey":false,"isExternalId":false,"isSfIdLookup":false,"isNullable":true,"isUnique":false,"isCreateable":false,"isUpdateable":true,"isFilterable":true,"isCalculated":false,"showLabel":false,"naturalOrder":101,"linkedFields":[],"relatedInfos":[],"references":[]},{"@type":"field","id":64170771,"name":"IBX_FRND_ROLE4","type":"nvarchar","uniqueName":"IBX_FRND_ROLE4","label":"IBX_FRND_ROLE4","parentObject":"vwIdentityMasterRO","pcType":"UNISTRING","precision":200,"scale":0,"columnIndex":102,"isKey":false,"isExternalId":false,"isSfIdLookup":false,"isNullable":true,"isUnique":false,"isCreateable":false,"isUpdateable":true,"isFilterable":true,"isCalculated":false,"showLabel":false,"naturalOrder":102,"linkedFields":[],"relatedInfos":[],"references":[]},{"@type":"field","id":64170772,"name":"IBX_FRND_ROLE5","type":"nvarchar","uniqueName":"IBX_FRND_ROLE5","label":"IBX_FRND_ROLE5","parentObject":"vwIdentityMasterRO","pcType":"UNISTRING","precision":200,"scale":0,"columnIndex":103,"isKey":false,"isExternalId":false,"isSfIdLookup":false,"isNullable":true,"isUnique":false,"isCreateable":false,"isUpdateable":true,"isFilterable":true,"isCalculated":false,"showLabel":false,"naturalOrder":103,"linkedFields":[],"relatedInfos":[],"references":[]},{"@type":"field","id":64170773,"name":"IBX_APPR_CODE","type":"nchar","uniqueName":"IBX_APPR_CODE","label":"IBX_APPR_CODE","parentObject":"vwIdentityMasterRO","pcType":"UNISTRING","precision":6,"scale":0,"columnIndex":104,"isKey":false,"isExternalId":false,"isSfIdLookup":false,"isNullable":true,"isUnique":false,"isCreateable":false,"isUpdateable":true,"isFilterable":true,"isCalculated":false,"showLabel":false,"naturalOrder":104,"linkedFields":[],"relatedInfos":[],"references":[]},{"@type":"field","id":64170774,"name":"IBX_APPR_OVRIDE_CODE","type":"nchar","uniqueName":"IBX_APPR_OVRIDE_CODE","label":"IBX_APPR_OVRIDE_CODE","parentObject":"vwIdentityMasterRO","pcType":"UNISTRING","precision":6,"scale":0,"columnIndex":105,"isKey":false,"isExternalId":false,"isSfIdLookup":false,"isNullable":true,"isUnique":false,"isCreateable":false,"isUpdateable":true,"isFilterable":true,"isCalculated":false,"showLabel":false,"naturalOrder":105,"linkedFields":[],"relatedInfos":[],"references":[]},{"@type":"field","id":64170775,"name":"CWBS_APPR_LIMIT","type":"varchar","uniqueName":"CWBS_APPR_LIMIT","label":"CWBS_APPR_LIMIT","parentObject":"vwIdentityMasterRO","pcType":"STRING","precision":8,"scale":0,"columnIndex":106,"isKey":false,"isExternalId":false,"isSfIdLookup":false,"isNullable":true,"isUnique":false,"isCreateable":false,"isUpdateable":true,"isFilterable":true,"isCalculated":false,"showLabel":false,"naturalOrder":106,"linkedFields":[],"relatedInfos":[],"references":[]},{"@type":"field","id":64170776,"name":"TWBS_APPR_LIMIT","type":"varchar","uniqueName":"TWBS_APPR_LIMIT","label":"TWBS_APPR_LIMIT","parentObject":"vwIdentityMasterRO","pcType":"STRING","precision":8,"scale":0,"columnIndex":107,"isKey":false,"isExternalId":false,"isSfIdLookup":false,"isNullable":true,"isUnique":false,"isCreateable":false,"isUpdateable":true,"isFilterable":true,"isCalculated":false,"showLabel":false,"naturalOrder":107,"linkedFields":[],"relatedInfos":[],"references":[]},{"@type":"field","id":64170777,"name":"MWBS_APPR_LIMIT","type":"varchar","uniqueName":"MWBS_APPR_LIMIT","label":"MWBS_APPR_LIMIT","parentObject":"vwIdentityMasterRO","pcType":"STRING","precision":8,"scale":0,"columnIndex":108,"isKey":false,"isExternalId":false,"isSfIdLookup":false,"isNullable":true,"isUnique":false,"isCreateable":false,"isUpdateable":true,"isFilterable":true,"isCalculated":false,"showLabel":false,"naturalOrder":108,"linkedFields":[],"relatedInfos":[],"references":[]},{"@type":"field","id":64170778,"name":"SWBS_APPR_LIMIT","type":"varchar","uniqueName":"SWBS_APPR_LIMIT","label":"SWBS_APPR_LIMIT","parentObject":"vwIdentityMasterRO","pcType":"STRING","precision":8,"scale":0,"columnIndex":109,"isKey":false,"isExternalId":false,"isSfIdLookup":false,"isNullable":true,"isUnique":false,"isCreateable":false,"isUpdateable":true,"isFilterable":true,"isCalculated":false,"showLabel":false,"naturalOrder":109,"linkedFields":[],"relatedInfos":[],"references":[]},{"@type":"field","id":64170779,"name":"EWBS_APPR_LIMIT","type":"varchar","uniqueName":"EWBS_APPR_LIMIT","label":"EWBS_APPR_LIMIT","parentObject":"vwIdentityMasterRO","pcType":"STRING","precision":8,"scale":0,"columnIndex":110,"isKey":false,"isExternalId":false,"isSfIdLookup":false,"isNullable":true,"isUnique":false,"isCreateable":false,"isUpdateable":true,"isFilterable":true,"isCalculated":false,"showLabel":false,"naturalOrder":110,"linkedFields":[],"relatedInfos":[],"references":[]},{"@type":"field","id":64170780,"name":"PWBS_APPR_LIMIT","type":"varchar","uniqueName":"PWBS_APPR_LIMIT","label":"PWBS_APPR_LIMIT","parentObject":"vwIdentityMasterRO","pcType":"STRING","precision":8,"scale":0,"columnIndex":111,"isKey":false,"isExternalId":false,"isSfIdLookup":false,"isNullable":true,"isUnique":false,"isCreateable":false,"isUpdateable":true,"isFilterable":true,"isCalculated":false,"showLabel":false,"naturalOrder":111,"linkedFields":[],"relatedInfos":[],"references":[]},{"@type":"field","id":64170781,"name":"RWBS_APPR_LIMIT","type":"varchar","uniqueName":"RWBS_APPR_LIMIT","label":"RWBS_APPR_LIMIT","parentObject":"vwIdentityMasterRO","pcType":"STRING","precision":8,"scale":0,"columnIndex":112,"isKey":false,"isExternalId":false,"isSfIdLookup":false,"isNullable":true,"isUnique":false,"isCreateable":false,"isUpdateable":true,"isFilterable":true,"isCalculated":false,"showLabel":false,"naturalOrder":112,"linkedFields":[],"relatedInfos":[],"references":[]},{"@type":"field","id":64170782,"name":"IBX_CWBS_APPR_LIMIT_CODE","type":"nvarchar","uniqueName":"IBX_CWBS_APPR_LIMIT_CODE","label":"IBX_CWBS_APPR_LIMIT_CODE","parentObject":"vwIdentityMasterRO","pcType":"UNISTRING","precision":6,"scale":0,"columnIndex":113,"isKey":false,"isExternalId":false,"isSfIdLookup":false,"isNullable":true,"isUnique":false,"isCreateable":false,"isUpdateable":true,"isFilterable":true,"isCalculated":false,"showLabel":false,"naturalOrder":113,"linkedFields":[],"relatedInfos":[],"references":[]},{"@type":"field","id":64170783,"name":"IBX_TWBS_APPR_LIMIT_CODE","type":"nvarchar","uniqueName":"IBX_TWBS_APPR_LIMIT_CODE","label":"IBX_TWBS_APPR_LIMIT_CODE","parentObject":"vwIdentityMasterRO","pcType":"UNISTRING","precision":6,"scale":0,"columnIndex":114,"isKey":false,"isExternalId":false,"isSfIdLookup":false,"isNullable":true,"isUnique":false,"isCreateable":false,"isUpdateable":true,"isFilterable":true,"isCalculated":false,"showLabel":false,"naturalOrder":114,"linkedFields":[],"relatedInfos":[],"references":[]},{"@type":"field","id":64170784,"name":"IBX_MWBS_APPR_LIMIT_CODE","type":"nvarchar","uniqueName":"IBX_MWBS_APPR_LIMIT_CODE","label":"IBX_MWBS_APPR_LIMIT_CODE","parentObject":"vwIdentityMasterRO","pcType":"UNISTRING","precision":6,"scale":0,"columnIndex":115,"isKey":false,"isExternalId":false,"isSfIdLookup":false,"isNullable":true,"isUnique":false,"isCreateable":false,"isUpdateable":true,"isFilterable":true,"isCalculated":false,"showLabel":false,"naturalOrder":115,"linkedFields":[],"relatedInfos":[],"references":[]},{"@type":"field","id":64170785,"name":"IBX_SWBS_APPR_LIMIT_CODE","type":"nvarchar","uniqueName":"IBX_SWBS_APPR_LIMIT_CODE","label":"IBX_SWBS_APPR_LIMIT_CODE","parentObject":"vwIdentityMasterRO","pcType":"UNISTRING","precision":6,"scale":0,"columnIndex":116,"isKey":false,"isExternalId":false,"isSfIdLookup":false,"isNullable":true,"isUnique":false,"isCreateable":false,"isUpdateable":true,"isFilterable":true,"isCalculated":false,"showLabel":false,"naturalOrder":116,"linkedFields":[],"relatedInfos":[],"references":[]},{"@type":"field","id":64170786,"name":"IBX_EWBS_APPR_LIMIT_CODE","type":"nvarchar","uniqueName":"IBX_EWBS_APPR_LIMIT_CODE","label":"IBX_EWBS_APPR_LIMIT_CODE","parentObject":"vwIdentityMasterRO","pcType":"UNISTRING","precision":6,"scale":0,"columnIndex":117,"isKey":false,"isExternalId":false,"isSfIdLookup":false,"isNullable":true,"isUnique":false,"isCreateable":false,"isUpdateable":true,"isFilterable":true,"isCalculated":false,"showLabel":false,"naturalOrder":117,"linkedFields":[],"relatedInfos":[],"references":[]},{"@type":"field","id":64170787,"name":"IBX_PWBS_APPR_LIMIT_CODE","type":"nvarchar","uniqueName":"IBX_PWBS_APPR_LIMIT_CODE","label":"IBX_PWBS_APPR_LIMIT_CODE","parentObject":"vwIdentityMasterRO","pcType":"UNISTRING","precision":6,"scale":0,"columnIndex":118,"isKey":false,"isExternalId":false,"isSfIdLookup":false,"isNullable":true,"isUnique":false,"isCreateable":false,"isUpdateable":true,"isFilterable":true,"isCalculated":false,"showLabel":false,"naturalOrder":118,"linkedFields":[],"relatedInfos":[],"references":[]},{"@type":"field","id":64170788,"name":"IBX_RWBS_APPR_LIMIT_CODE","type":"nvarchar","uniqueName":"IBX_RWBS_APPR_LIMIT_CODE","label":"IBX_RWBS_APPR_LIMIT_CODE","parentObject":"vwIdentityMasterRO","pcType":"UNISTRING","precision":6,"scale":0,"columnIndex":119,"isKey":false,"isExternalId":false,"isSfIdLookup":false,"isNullable":true,"isUnique":false,"isCreateable":false,"isUpdateable":true,"isFilterable":true,"isCalculated":false,"showLabel":false,"naturalOrder":119,"linkedFields":[],"relatedInfos":[],"references":[]},{"@type":"field","id":64170789,"name":"IBX_TECH_ROLE1","type":"nvarchar","uniqueName":"IBX_TECH_ROLE1","label":"IBX_TECH_ROLE1","parentObject":"vwIdentityMasterRO","pcType":"UNISTRING","precision":200,"scale":0,"columnIndex":120,"isKey":false,"isExternalId":false,"isSfIdLookup":false,"isNullable":true,"isUnique":false,"isCreateable":false,"isUpdateable":true,"isFilterable":true,"isCalculated":false,"showLabel":false,"naturalOrder":120,"linkedFields":[],"relatedInfos":[],"references":[]},{"@type":"field","id":64170790,"name":"IBX_TECH_ROLE2","type":"nvarchar","uniqueName":"IBX_TECH_ROLE2","label":"IBX_TECH_ROLE2","parentObject":"vwIdentityMasterRO","pcType":"UNISTRING","precision":200,"scale":0,"columnIndex":121,"isKey":false,"isExternalId":false,"isSfIdLookup":false,"isNullable":true,"isUnique":false,"isCreateable":false,"isUpdateable":true,"isFilterable":true,"isCalculated":false,"showLabel":false,"naturalOrder":121,"linkedFields":[],"relatedInfos":[],"references":[]},{"@type":"field","id":64170791,"name":"IBX_TECH_ROLE3","type":"nvarchar","uniqueName":"IBX_TECH_ROLE3","label":"IBX_TECH_ROLE3","parentObject":"vwIdentityMasterRO","pcType":"UNISTRING","precision":200,"scale":0,"columnIndex":122,"isKey":false,"isExternalId":false,"isSfIdLookup":false,"isNullable":true,"isUnique":false,"isCreateable":false,"isUpdateable":true,"isFilterable":true,"isCalculated":false,"showLabel":false,"naturalOrder":122,"linkedFields":[],"relatedInfos":[],"references":[]},{"@type":"field","id":64170792,"name":"IBX_TECH_ROLE4","type":"nvarchar","uniqueName":"IBX_TECH_ROLE4","label":"IBX_TECH_ROLE4","parentObject":"vwIdentityMasterRO","pcType":"UNISTRING","precision":200,"scale":0,"columnIndex":123,"isKey":false,"isExternalId":false,"isSfIdLookup":false,"isNullable":true,"isUnique":false,"isCreateable":false,"isUpdateable":true,"isFilterable":true,"isCalculated":false,"showLabel":false,"naturalOrder":123,"linkedFields":[],"relatedInfos":[],"references":[]},{"@type":"field","id":64170793,"name":"IBX_TECH_ROLE5","type":"nvarchar","uniqueName":"IBX_TECH_ROLE5","label":"IBX_TECH_ROLE5","parentObject":"vwIdentityMasterRO","pcType":"UNISTRING","precision":200,"scale":0,"columnIndex":124,"isKey":false,"isExternalId":false,"isSfIdLookup":false,"isNullable":true,"isUnique":false,"isCreateable":false,"isUpdateable":true,"isFilterable":true,"isCalculated":false,"showLabel":false,"naturalOrder":124,"linkedFields":[],"relatedInfos":[],"references":[]},{"@type":"field","id":64170794,"name":"IBX_TECH_ROLE6","type":"nvarchar","uniqueName":"IBX_TECH_ROLE6","label":"IBX_TECH_ROLE6","parentObject":"vwIdentityMasterRO","pcType":"UNISTRING","precision":200,"scale":0,"columnIndex":125,"isKey":false,"isExternalId":false,"isSfIdLookup":false,"isNullable":true,"isUnique":false,"isCreateable":false,"isUpdateable":true,"isFilterable":true,"isCalculated":false,"showLabel":false,"naturalOrder":125,"linkedFields":[],"relatedInfos":[],"references":[]},{"@type":"field","id":64170795,"name":"IBX_TECH_ROLE7","type":"nvarchar","uniqueName":"IBX_TECH_ROLE7","label":"IBX_TECH_ROLE7","parentObject":"vwIdentityMasterRO","pcType":"UNISTRING","precision":200,"scale":0,"columnIndex":126,"isKey":false,"isExternalId":false,"isSfIdLookup":false,"isNullable":true,"isUnique":false,"isCreateable":false,"isUpdateable":true,"isFilterable":true,"isCalculated":false,"showLabel":false,"naturalOrder":126,"linkedFields":[],"relatedInfos":[],"references":[]},{"@type":"field","id":64170796,"name":"IBX_TECH_ROLE8","type":"nvarchar","uniqueName":"IBX_TECH_ROLE8","label":"IBX_TECH_ROLE8","parentObject":"vwIdentityMasterRO","pcType":"UNISTRING","precision":200,"scale":0,"columnIndex":127,"isKey":false,"isExternalId":false,"isSfIdLookup":false,"isNullable":true,"isUnique":false,"isCreateable":false,"isUpdateable":true,"isFilterable":true,"isCalculated":false,"showLabel":false,"naturalOrder":127,"linkedFields":[],"relatedInfos":[],"references":[]},{"@type":"field","id":64170797,"name":"IBX_TECH_ROLE9","type":"nvarchar","uniqueName":"IBX_TECH_ROLE9","label":"IBX_TECH_ROLE9","parentObject":"vwIdentityMasterRO","pcType":"UNISTRING","precision":200,"scale":0,"columnIndex":128,"isKey":false,"isExternalId":false,"isSfIdLookup":false,"isNullable":true,"isUnique":false,"isCreateable":false,"isUpdateable":true,"isFilterable":true,"isCalculated":false,"showLabel":false,"naturalOrder":128,"linkedFields":[],"relatedInfos":[],"references":[]},{"@type":"field","id":64170798,"name":"IBX_TECH_ROLE10","type":"nvarchar","uniqueName":"IBX_TECH_ROLE10","label":"IBX_TECH_ROLE10","parentObject":"vwIdentityMasterRO","pcType":"UNISTRING","precision":200,"scale":0,"columnIndex":129,"isKey":false,"isExternalId":false,"isSfIdLookup":false,"isNullable":true,"isUnique":false,"isCreateable":false,"isUpdateable":true,"isFilterable":true,"isCalculated":false,"showLabel":false,"naturalOrder":129,"linkedFields":[],"relatedInfos":[],"references":[]},{"@type":"field","id":64170799,"name":"IBX_TECH_ROLE11","type":"nvarchar","uniqueName":"IBX_TECH_ROLE11","label":"IBX_TECH_ROLE11","parentObject":"vwIdentityMasterRO","pcType":"UNISTRING","precision":200,"scale":0,"columnIndex":130,"isKey":false,"isExternalId":false,"isSfIdLookup":false,"isNullable":true,"isUnique":false,"isCreateable":false,"isUpdateable":true,"isFilterable":true,"isCalculated":false,"showLabel":false,"naturalOrder":130,"linkedFields":[],"relatedInfos":[],"references":[]},{"@type":"field","id":64170800,"name":"IBX_TECH_ROLE12","type":"nvarchar","uniqueName":"IBX_TECH_ROLE12","label":"IBX_TECH_ROLE12","parentObject":"vwIdentityMasterRO","pcType":"UNISTRING","precision":200,"scale":0,"columnIndex":131,"isKey":false,"isExternalId":false,"isSfIdLookup":false,"isNullable":true,"isUnique":false,"isCreateable":false,"isUpdateable":true,"isFilterable":true,"isCalculated":false,"showLabel":false,"naturalOrder":131,"linkedFields":[],"relatedInfos":[],"references":[]},{"@type":"field","id":64170801,"name":"SMTPLEGACY","type":"varchar","uniqueName":"SMTPLEGACY","label":"SMTPLEGACY","parentObject":"vwIdentityMasterRO","pcType":"STRING","precision":256,"scale":0,"columnIndex":132,"isKey":false,"isExternalId":false,"isSfIdLookup":false,"isNullable":true,"isUnique":false,"isCreateable":false,"isUpdateable":true,"isFilterable":true,"isCalculated":false,"showLabel":false,"naturalOrder":132,"linkedFields":[],"relatedInfos":[],"references":[]},{"@type":"field","id":64170802,"name":"SMTPARCHIVE","type":"varchar","uniqueName":"SMTPARCHIVE","label":"SMTPARCHIVE","parentObject":"vwIdentityMasterRO","pcType":"STRING","precision":600,"scale":0,"columnIndex":133,"isKey":false,"isExternalId":false,"isSfIdLookup":false,"isNullable":true,"isUnique":false,"isCreateable":false,"isUpdateable":true,"isFilterable":true,"isCalculated":false,"showLabel":false,"naturalOrder":133,"linkedFields":[],"relatedInfos":[],"references":[]},{"@type":"field","id":64170803,"name":"KraftGUID","type":"varchar","uniqueName":"KraftGUID","label":"KraftGUID","parentObject":"vwIdentityMasterRO","pcType":"STRING","precision":36,"scale":0,"columnIndex":134,"isKey":false,"isExternalId":false,"isSfIdLookup":false,"isNullable":true,"isUnique":false,"isCreateable":false,"isUpdateable":true,"isFilterable":true,"isCalculated":false,"showLabel":false,"naturalOrder":134,"linkedFields":[],"relatedInfos":[],"references":[]},{"@type":"field","id":64170804,"name":"ManagerKraftGuid","type":"varchar","uniqueName":"ManagerKraftGuid","label":"ManagerKraftGuid","parentObject":"vwIdentityMasterRO","pcType":"STRING","precision":36,"scale":0,"columnIndex":135,"isKey":false,"isExternalId":false,"isSfIdLookup":false,"isNullable":true,"isUnique":false,"isCreateable":false,"isUpdateable":true,"isFilterable":true,"isCalculated":false,"showLabel":false,"naturalOrder":135,"linkedFields":[],"relatedInfos":[],"references":[]},{"@type":"field","id":64170805,"name":"ADDomain","type":"varchar","uniqueName":"ADDomain","label":"ADDomain","parentObject":"vwIdentityMasterRO","pcType":"STRING","precision":50,"scale":0,"columnIndex":136,"isKey":false,"isExternalId":false,"isSfIdLookup":false,"isNullable":true,"isUnique":false,"isCreateable":false,"isUpdateable":true,"isFilterable":true,"isCalculated":false,"showLabel":false,"naturalOrder":136,"linkedFields":[],"relatedInfos":[],"references":[]}],"sortFields":[],"groupFields":[]}]