[{"@type":"mappingTemplate","id":"@1","name":"m_DMI_UserMgmt_FileTransfer","description":"This job is used to transfer file to SAP dir.","bundleVersion":"0","templateId":"@3","deployTime":1599043988000,"hasParameters":false,"valid":true,"fixedConnection":true,"hasParametersDeployed":false,"fixedConnectionDeployed":true,"tasks":1,"mappingPreviewFileRecordId":"@2","documentType":"","references":[{"@type":"reference","refObjectId":"@7art3DIZk2FdXT8D4ESkgH","refType":"connection"},{"@type":"reference","refObjectId":"@9wnebaH54Ysc0bZP1rkKQj","refType":"connection"}]}]