[{"@type":"workflow","id":"@1","name":"TF_HDNODE_LOCAL_SAS_NA_IDD520016","errorTaskEmail":{"@type":"taskEmail","id":473938,"emails":"biswadeep.yadav@accenture.com,vandankumar.r.patil@accenture.com","emailType":"ERROR"},"warningTaskEmail":{"@type":"taskEmail","id":473939,"emails":"biswadeep.yadav@accenture.com,vandankumar.r.patil@accenture.com","emailType":"WARNING"},"maxLogs":10,"references":[{"@type":"reference","refObjectId":"@3vesZsHAa6YfgMfwFINyi5","refType":"mtTask"},{"@type":"reference","refObjectId":"@60Wl3CTvNsQdFEXySP7EaE","refType":"mtTask"}],"tasks":[{"@type":"workflowTask","taskId":"@3vesZsHAa6YfgMfwFINyi5","type":"MTT","name":"MCT_Get_HDNODE_LOCAL_NA_IDD520016","stopOnError":false,"stopOnWarning":false},{"@type":"workflowTask","taskId":"@60Wl3CTvNsQdFEXySP7EaE","type":"MTT","name":"MCT_Put_LOCAL_SAS_NA_IDD520016","stopOnError":false,"stopOnWarning":false}]}]