[{"@type":"mtTask","id":"@1","name":"MCT_Put_LOCAL_SAS_NA_IDD520016","description":"","runtimeEnvironmentId":"@eB3EBvkLxEkjTOHEPZtdAu","postProcessingCmd":"find /Hybrid-Nfs/ipaas/data/HDFS_SAS/FileStatus -mtime +7 -type f -delete","maxLogs":10,"verbose":false,"lastRunTime":1598270205000,"mappingId":"@9jqeVUdKT01ktRI9aK7RiE","shortDescription":"","sessionPropertiesList":[],"enableCrossSchemaPushdown":true,"enableParallelRun":false,"autoTunedApplied":false,"autoTunedAppliedType":"NONE","paramFileType":"PARAM_FILE_LOCAL","schemaMode":"async","serverlessProperties":{},"taskProperties":[{"@type":"taskProperty","name":"parameterFileDir","currentValue":"","type":"STRING","label":"label.parameterFileDir","required":false},{"@type":"taskProperty","name":"parameterFileName","currentValue":"","type":"STRING","label":"label.parameterFileName","required":false}],"parameters":[{"@type":"mtTaskParameter","id":61004091,"name":"$Source$","type":"EXTENDED_SOURCE","label":"Source","uiProperties":{"connectionParameterized":"false","isMsrcFilterParameterized":"false","isMsrcSortParameterized":"false","objectParameterized":"false","visible":"false"},"sourceConnectionId":"@knNRsXeFkAlf44somctqcU","newFlatFile":false,"newObject":false,"showBusinessNames":false,"naturalOrder":true,"truncateTarget":false,"bulkApiDBTarget":false,"customFuncCfg":{"@type":"customFuncConfig","id":-1,"connections":[],"inputMap":[],"outputFields":[]},"tgtFieldRefs":{},"targetUpdateColumns":[],"extendedObject":{"@type":"extendedObject","object":{"@type":"mObject","name":"SFTP_PUT","label":"SFTP_PUT","metadataUpdated":false,"relations":[],"children":[]},"filters":[{"@type":"filter","objectName":"SFTP_PUT","field":"SFTP_Hostname","type":"STRING","operator":"equals","value":"130.96.17.70"},{"@type":"filter","objectName":"SFTP_PUT","field":"SFTP_User_ID","type":"STRING","operator":"equals","value":"xfer_mnd_nasftptest"},{"@type":"filter","objectName":"SFTP_PUT","field":"SFTP_Password","type":"STRING","operator":"equals","value":"PassKey1"},{"@type":"filter","objectName":"SFTP_PUT","field":"SFTP_Port","type":"STRING","operator":"equals","value":"22"},{"@type":"filter","objectName":"SFTP_PUT","field":"Delete_Source","type":"STRING","operator":"equals","value":"1"}],"sortFields":[]},"runtimeAttrs":{},"isRESTModernSource":true,"isFileList":false,"handleSpecialChars":false,"frsAsset":false,"dynamicFileName":false,"currentlyProcessedFileName":false,"fetchMode":"ORIGINAL","tgtObjectAttributes":{},"runtimeParameterData":{"@type":"mtTaskRuntimeParameterData","isConnectionRuntimeParameter":false,"isObjectRuntimeParameter":false},"overriddenFields":[]},{"@type":"mtTaskParameter","id":61004092,"name":"$Target$","type":"TARGET","label":"Target","uiProperties":{"connectionParameterized":"false","objectParameterized":"false","visible":"false","defaultTargetUpdateColumns":""},"targetConnectionId":"@lzC6VyDJeQjcyVrtsmKJUs","targetObject":"$Target","targetObjectLabel":"Put_SAPFile_FTPStatus_%d%m%Y_%H%M%S.csv","newFlatFile":false,"newObject":true,"showBusinessNames":false,"naturalOrder":true,"newObjectName":"$Target","truncateTarget":false,"bulkApiDBTarget":false,"operationType":"Insert","tgtFFAttrs":{"@type":"flatFileAttrs","id":5668473,"delimiter":",","textQualifier":"\"","escapeChar":"","headerLineNo":1},"customFuncCfg":{"@type":"customFuncConfig","id":-1,"connections":[],"inputMap":[],"outputFields":[]},"tgtFieldRefs":{},"targetUpdateColumns":[],"extendedObject":{"@type":"extendedObject","filters":[],"sortFields":[]},"runtimeAttrs":{},"isRESTModernSource":true,"isFileList":false,"handleSpecialChars":true,"frsAsset":false,"dynamicFileName":false,"currentlyProcessedFileName":false,"fetchMode":"ORIGINAL","tgtObjectAttributes":{},"runtimeParameterData":{"@type":"mtTaskRuntimeParameterData","isConnectionRuntimeParameter":false,"isObjectRuntimeParameter":false},"overriddenFields":[]}],"sequences":[],"inOutParameters":[],"connRuntimeAttrs":[]}]