[{"@type":"mtTask","id":"@1","name":"MCT_DMI_UserMgmt_FileTransfer","description":"This task is used to trigger ftp mapping.","runtimeEnvironmentId":"@eB3EBvkLxEkjTOHEPZtdAu","maxLogs":10,"verbose":false,"lastRunTime":1599048209000,"mappingId":"@lGtEu8vWwsFe8DGwfW2H6W","shortDescription":"This task is used to trigger ftp mapping.","sessionPropertiesList":[],"enableCrossSchemaPushdown":false,"enableParallelRun":false,"autoTunedApplied":false,"autoTunedAppliedType":"NONE","paramFileType":"PARAM_FILE_LOCAL","schemaMode":"async","parameterFileEncoding":"UTF-8","serverlessProperties":{},"taskProperties":[{"@type":"taskProperty","name":"parameterFileDir","currentValue":"","type":"STRING","label":"label.parameterFileDir","required":false},{"@type":"taskProperty","name":"parameterFileName","currentValue":"","type":"STRING","label":"label.parameterFileName","required":false}],"parameters":[{"@type":"mtTaskParameter","id":64250783,"name":"$Src_UserMgmt_File$","type":"EXTENDED_SOURCE","label":"Src_UserMgmt_File","uiProperties":{"connectionParameterized":"false","isMsrcFilterParameterized":"false","isMsrcSortParameterized":"false","objectParameterized":"false","visible":"false"},"sourceConnectionId":"@7art3DIZk2FdXT8D4ESkgH","newFlatFile":false,"newObject":false,"showBusinessNames":false,"naturalOrder":true,"truncateTarget":false,"bulkApiDBTarget":false,"customFuncCfg":{"@type":"customFuncConfig","id":-1,"connections":[],"inputMap":[],"outputFields":[]},"tgtFieldRefs":{},"targetUpdateColumns":[],"extendedObject":{"@type":"extendedObject","object":{"@type":"mObject","name":"SFTP_PUT","label":"SFTP_PUT","metadataUpdated":false,"relations":[],"children":[]},"filters":[{"@type":"filter","objectName":"SFTP_PUT","field":"SFTP_Hostname","type":"STRING","operator":"equals","value":"sapfsnaqa.krft.net"},{"@type":"filter","objectName":"SFTP_PUT","field":"SFTP_User_ID","type":"STRING","operator":"equals","value":"sipaasews"},{"@type":"filter","objectName":"SFTP_PUT","field":"SFTP_Password","type":"STRING","operator":"equals","value":"PassKey1"},{"@type":"filter","objectName":"SFTP_PUT","field":"SFTP_Port","type":"STRING","operator":"equals","value":"22"}],"sortFields":[]},"runtimeAttrs":{},"isRESTModernSource":true,"isFileList":false,"handleSpecialChars":false,"frsAsset":false,"dynamicFileName":false,"currentlyProcessedFileName":false,"tgtObjectAttributes":{},"runtimeParameterData":{"@type":"mtTaskRuntimeParameterData","isConnectionRuntimeParameter":false,"isObjectRuntimeParameter":false},"overriddenFields":[]},{"@type":"mtTaskParameter","id":64250784,"name":"$Tgt_SAP_Status_File$","type":"TARGET","label":"Tgt_SAP_Status_File","uiProperties":{"connectionParameterized":"false","objectParameterized":"false","visible":"false","defaultTargetUpdateColumns":""},"targetConnectionId":"@9wnebaH54Ysc0bZP1rkKQj","targetObject":"$Tgt_SAP_Status_File","targetObjectLabel":"Put_SAPFile_FTPStatus_%y%m%d%H%M%S.csv","newFlatFile":false,"newObject":true,"showBusinessNames":false,"naturalOrder":true,"newObjectName":"$Tgt_SAP_Status_File","truncateTarget":false,"bulkApiDBTarget":false,"operationType":"Insert","tgtFFAttrs":{"@type":"flatFileAttrs","id":5980046,"delimiter":",","textQualifier":"\"","escapeChar":"","headerLineNo":1},"customFuncCfg":{"@type":"customFuncConfig","id":-1,"connections":[],"inputMap":[],"outputFields":[]},"tgtFieldRefs":{},"targetUpdateColumns":[],"extendedObject":{"@type":"extendedObject","filters":[],"sortFields":[]},"runtimeAttrs":{},"isRESTModernSource":true,"isFileList":false,"handleSpecialChars":true,"frsAsset":false,"dynamicFileName":false,"currentlyProcessedFileName":false,"tgtObjectAttributes":{},"runtimeParameterData":{"@type":"mtTaskRuntimeParameterData","isConnectionRuntimeParameter":false,"isObjectRuntimeParameter":false},"overriddenFields":[]}],"sequences":[],"inOutParameters":[],"connRuntimeAttrs":[]}]