[{"@type":"mappingTemplate","id":"@1","name":"m_DMI_UserMgmt_FileProcessing","description":"This job is used to generate user management file.","bundleVersion":"0","templateId":"@3","deployTime":1596555745000,"hasParameters":false,"valid":true,"fixedConnection":true,"hasParametersDeployed":false,"fixedConnectionDeployed":true,"tasks":1,"mappingPreviewFileRecordId":"@2","references":[{"@type":"reference","refObjectId":"@5X5Igi0sZgHcllNsMaa9C2","refType":"connection"},{"@type":"reference","refObjectId":"@8QkpSTlDJSdfYuloP5jFog","refType":"connection"}]}]