[{"@type":"workflow","id":"@1","name":"TF_DMI_UserMgmt","errorTaskEmail":{"@type":"taskEmail","id":473986,"emails":"shiv.shankar.tiwari@accenture.com","emailType":"ERROR"},"successTaskEmail":{"@type":"taskEmail","id":473987,"emails":"shiv.shankar.tiwari@accenture.com","emailType":"SUCCESS"},"warningTaskEmail":{"@type":"taskEmail","id":473988,"emails":"shiv.shankar.tiwari@accenture.com","emailType":"WARNING"},"maxLogs":10,"references":[{"@type":"reference","refObjectId":"@4vBZyEmAxZSk8babXzdPWd","refType":"mtTask"},{"@type":"reference","refObjectId":"@6J8SdpFcErWi9CFljXCYUo","refType":"mtTask"}],"tasks":[{"@type":"workflowTask","taskId":"@4vBZyEmAxZSk8babXzdPWd","type":"MTT","name":"MCT_DMI_UserMgmt_FileProcessing","stopOnError":true,"stopOnWarning":false},{"@type":"workflowTask","taskId":"@6J8SdpFcErWi9CFljXCYUo","type":"MTT","name":"MCT_DMI_UserMgmt_FileTransfer","stopOnError":true,"stopOnWarning":false}]}]