[{"@type":"mappingTemplate","id":"@1","name":"m_Pega_Reason","description":"Load the source files in Ipaas local folder which calls the script","bundleVersion":"0","templateId":"@3","deployTime":1600943505000,"hasParameters":false,"valid":true,"fixedConnection":true,"hasParametersDeployed":false,"fixedConnectionDeployed":true,"tasks":1,"mappingPreviewFileRecordId":"@2","documentType":"","references":[{"@type":"reference","refObjectId":"@2lYzXErFOQKfNh0nI5Oy0h","refType":"connection"},{"@type":"reference","refObjectId":"@dLFJSbtMiSeddCnV2eojmX","refType":"connection"}]}]